loan_limit,approv_in_adv,Credit_Worthiness,open_credit,business_or_commercial,loan_amount,rate_of_interest,Upfront_charges,term,Neg_ammortization,interest_only,lump_sum_payment,property_value,construction_type,Secured_by,total_units,income,Credit_Score,co_applicant_credit_type,submission_of_application,LTV,Security_Type,Status,dtir1,GenderMale,GenderFemale,GenderJoint,loantype1,loantype2,loantype3,loanpurpose_p1,loanpurpose_p2,loanpurpose_p3,loanpurpose_p4,occupancytype_pr,occupancytype_ir,occupancytype_sr,credittype_equi,credittype_crif,credittype_cib,credittype_exp,age_<25,age_25-34,age_35-44,age_45-54,age_55-64,age_65-74,age_>74,RNorth,RCentral,RSouth,RNorth_East
1,0,0,0,1,206500,NA,NA,360,0,0,1,NA,0,1,1,4980,552,1,1,NA,1,1,18,1,0,0,0,1,0,1,0,0,0,1,0,0,1,0,0,0,0,0,0,0,1,0,0,1,0,0,0
1,0,0,0,0,466500,NA,NA,360,0,0,0,NA,0,1,1,0,765,1,1,NA,1,1,20,1,0,0,0,0,1,0,0,0,1,1,0,0,1,0,0,0,0,0,0,1,0,0,0,1,0,0,0
1,0,0,0,1,656500,NA,NA,360,0,0,0,NA,0,1,1,8640,880,1,1,NA,1,1,42,1,0,0,0,1,0,0,0,1,0,1,0,0,1,0,0,0,0,0,1,0,0,0,0,1,0,0,0
1,0,0,0,0,106500,NA,NA,240,0,0,1,NA,0,1,1,1680,880,1,1,NA,1,1,37,1,0,0,1,0,0,0,0,0,1,1,0,0,1,0,0,0,0,0,0,1,0,0,0,0,1,0,0
1,0,0,0,0,406500,NA,NA,360,0,0,0,NA,0,1,1,7560,768,1,0,NA,1,1,23,1,0,0,0,0,1,0,0,1,0,1,0,0,1,0,0,0,0,0,0,1,0,0,0,1,0,0,0
1,0,0,0,0,316500,NA,NA,360,0,0,0,NA,0,1,1,5640,571,1,1,NA,1,1,31,1,0,0,1,0,0,0,0,1,0,1,0,0,1,0,0,0,0,0,0,0,0,0,1,1,0,0,0
1,0,0,0,0,266500,NA,NA,360,0,0,0,NA,0,1,1,3840,529,1,0,NA,1,1,35,1,0,0,0,0,1,1,0,0,0,1,0,0,1,0,0,0,0,0,0,0,1,0,0,1,0,0,0
1,0,1,0,0,336500,NA,NA,360,0,0,0,NA,0,1,1,7200,572,1,1,NA,1,1,44,1,0,0,1,0,0,1,0,0,0,1,0,0,1,0,0,0,0,0,0,1,0,0,0,0,0,1,0
1,0,0,0,0,726500,NA,NA,360,0,0,0,NA,0,1,1,9660,896,1,0,NA,1,1,45,1,0,0,1,0,0,0,0,0,1,1,0,0,1,0,0,0,0,0,1,0,0,0,0,0,0,1,0
1,0,0,0,0,336500,NA,NA,360,0,1,0,NA,0,1,1,5100,719,1,0,NA,1,1,46,1,0,0,1,0,0,0,0,0,1,1,0,0,1,0,0,0,0,1,0,0,0,0,0,1,0,0,0
1,0,0,0,0,446500,NA,NA,324,0,1,0,NA,0,1,1,11400,850,1,0,NA,1,1,44,1,0,0,1,0,0,0,0,0,1,1,0,0,1,0,0,0,0,0,0,1,0,0,0,0,0,1,0
1,1,0,0,1,266500,NA,NA,180,0,0,0,NA,0,1,1,11160,635,1,1,NA,1,1,36,1,0,0,0,1,0,0,0,1,0,1,0,0,1,0,0,0,0,0,1,0,0,0,0,1,0,0,0
1,0,0,0,0,306500,NA,NA,360,1,0,0,NA,0,1,1,5040,723,1,1,NA,1,1,7,1,0,0,1,0,0,1,0,0,0,1,0,0,1,0,0,0,0,1,0,0,0,0,0,1,0,0,0
1,1,0,0,0,486500,NA,NA,360,0,0,0,NA,0,1,1,12660,605,1,0,NA,1,1,43,1,0,0,1,0,0,0,0,0,1,1,0,0,1,0,0,0,0,0,0,1,0,0,0,0,0,1,0
1,0,0,0,0,266500,NA,NA,360,0,0,0,NA,0,1,1,3540,692,1,1,NA,1,1,37,1,0,0,0,0,1,0,0,1,0,1,0,0,1,0,0,0,0,0,0,0,0,1,0,1,0,0,0
1,0,0,0,0,496500,NA,NA,360,0,0,0,NA,0,1,1,12360,544,1,0,NA,1,1,42,1,0,0,1,0,0,1,0,0,0,1,0,0,1,0,0,0,0,0,0,1,0,0,0,1,0,0,0
1,0,1,0,0,166500,NA,NA,144,0,0,0,NA,0,1,1,5760,585,1,1,NA,1,1,30,1,0,0,1,0,0,0,0,0,1,1,0,0,1,0,0,0,0,0,0,0,0,1,0,1,0,0,0
1,0,0,0,0,156500,NA,NA,360,0,0,0,NA,0,1,1,3960,727,1,1,NA,1,1,45,1,0,0,1,0,0,0,0,0,1,1,0,0,1,0,0,0,0,0,0,0,0,0,1,1,0,0,0
1,0,0,0,0,206500,NA,NA,180,0,0,0,NA,0,1,1,11640,857,1,1,NA,1,1,31,1,0,0,0,0,1,0,0,1,0,1,0,0,1,0,0,0,0,0,0,1,0,0,0,1,0,0,0
1,0,0,0,1,216500,NA,NA,360,1,0,0,NA,0,1,1,0,626,1,0,NA,1,1,30,1,0,0,0,1,0,0,0,0,1,1,0,0,1,0,0,0,0,1,0,0,0,0,0,0,1,0,0
1,0,0,0,0,256500,NA,NA,240,0,0,0,NA,0,1,1,6300,828,1,1,NA,1,1,54,1,0,0,1,0,0,0,0,1,0,1,0,0,1,0,0,0,0,0,1,0,0,0,0,1,0,0,0
1,0,0,0,0,226500,NA,NA,360,1,0,0,NA,0,1,1,3240,692,1,1,NA,1,1,42,1,0,0,1,0,0,0,0,1,0,1,0,0,1,0,0,0,0,0,0,0,0,0,1,1,0,0,0
1,0,0,0,0,326500,NA,NA,360,0,0,1,NA,0,1,1,15780,817,1,0,NA,1,1,23,1,0,0,1,0,0,0,0,0,1,0,1,0,1,0,0,0,0,0,1,0,0,0,0,0,0,1,0
1,0,0,0,1,96500,NA,NA,360,0,0,0,NA,0,1,1,5100,604,1,1,NA,1,1,28,1,0,0,0,1,0,1,0,0,0,1,0,0,1,0,0,0,0,0,0,1,0,0,0,1,0,0,0
1,1,0,0,0,306500,NA,NA,360,0,0,0,NA,0,1,1,3480,527,1,1,NA,1,1,49,1,0,0,0,0,1,0,0,1,0,1,0,0,1,0,0,0,0,0,0,0,0,1,0,1,0,0,0
1,0,0,0,1,256500,NA,NA,360,1,0,0,NA,0,1,1,4440,539,1,1,NA,1,1,46,1,0,0,0,1,0,1,0,0,0,1,0,0,1,0,0,0,0,0,0,0,1,0,0,1,0,0,0
1,0,0,0,0,376500,NA,NA,360,0,0,0,NA,0,1,1,6540,873,1,1,NA,1,1,36,1,0,0,1,0,0,1,0,0,0,1,0,0,1,0,0,0,0,0,0,0,1,0,0,1,0,0,0
1,0,0,0,0,116500,NA,NA,360,0,0,0,NA,0,1,1,1140,513,1,1,NA,1,1,35,1,0,0,1,0,0,1,0,0,0,1,0,0,1,0,0,0,0,0,0,1,0,0,0,1,0,0,0
1,0,0,0,0,276500,NA,NA,360,0,0,0,NA,0,1,1,11640,603,1,0,NA,1,1,45,1,0,0,1,0,0,0,0,1,0,1,0,0,1,0,0,0,0,0,1,0,0,0,0,1,0,0,0
1,1,0,0,0,136500,NA,NA,180,0,0,0,NA,0,1,1,2160,894,1,0,NA,1,1,9,1,0,0,1,0,0,0,0,1,0,1,0,0,1,0,0,0,0,0,0,1,0,0,0,1,0,0,0
1,1,0,0,0,496500,NA,NA,360,0,0,0,NA,0,1,1,4920,754,1,1,NA,1,1,31,1,0,0,1,0,0,1,0,0,0,1,0,0,1,0,0,0,0,0,1,0,0,0,0,1,0,0,0
1,0,0,0,0,486500,NA,NA,360,1,0,0,NA,0,1,1,7980,829,1,0,NA,1,1,48,1,0,0,1,0,0,0,0,1,0,1,0,0,1,0,0,0,0,0,1,0,0,0,0,1,0,0,0
1,0,0,0,0,366500,NA,NA,360,0,1,0,NA,0,1,1,4200,805,1,0,NA,1,1,41,1,0,0,1,0,0,0,0,0,1,1,0,0,1,0,0,0,0,0,1,0,0,0,0,0,0,1,0
1,0,0,0,0,126500,NA,NA,180,1,0,0,NA,0,1,1,3660,548,1,1,NA,1,1,28,1,0,0,1,0,0,0,0,0,1,1,0,0,1,0,0,0,0,0,0,0,1,0,0,0,1,0,0
1,1,0,0,1,126500,NA,NA,360,0,0,0,NA,0,1,1,3000,564,1,1,NA,1,1,45,1,0,0,0,1,0,1,0,0,0,1,0,0,1,0,0,0,0,0,0,1,0,0,0,1,0,0,0
1,0,0,0,0,586500,NA,NA,360,0,0,0,NA,0,1,1,8100,872,1,1,NA,1,1,50,1,0,0,1,0,0,1,0,0,0,1,0,0,1,0,0,0,0,0,0,1,0,0,0,0,1,0,0
1,0,0,0,0,106500,NA,NA,NA,1,0,0,NA,0,1,1,3420,824,1,1,NA,1,1,45,1,0,0,1,0,0,0,0,1,0,1,0,0,1,0,0,0,0,0,0,0,0,1,0,0,0,1,0
1,0,0,0,0,166500,NA,NA,360,0,0,0,NA,0,1,1,3420,514,1,1,NA,1,1,31,1,0,0,1,0,0,0,0,1,0,1,0,0,1,0,0,0,0,0,0,1,0,0,0,0,0,1,0
1,0,0,0,0,216500,NA,NA,180,1,0,0,NA,0,1,1,3900,729,1,1,NA,1,1,37,1,0,0,1,0,0,0,0,0,1,1,0,0,1,0,0,0,0,0,0,0,1,0,0,0,1,0,0
1,0,0,0,0,276500,NA,NA,360,0,0,0,NA,0,1,1,3600,724,1,1,NA,1,1,49,1,0,0,1,0,0,0,0,1,0,1,0,0,1,0,0,0,0,0,1,0,0,0,0,1,0,0,0
1,0,0,0,0,96500,NA,NA,360,0,0,0,NA,0,1,1,2040,728,1,1,NA,1,1,40,1,0,0,1,0,0,1,0,0,0,0,1,0,1,0,0,0,0,0,0,1,0,0,0,0,0,1,0
1,0,0,0,0,256500,NA,NA,360,0,0,1,NA,0,1,1,3060,671,1,1,NA,1,1,49,1,0,0,1,0,0,0,0,1,0,1,0,0,1,0,0,0,0,0,0,0,0,0,1,0,0,1,0
1,0,0,0,0,406500,NA,NA,240,0,0,0,NA,0,1,1,8100,683,1,1,NA,1,1,27,1,0,0,1,0,0,0,0,1,0,1,0,0,1,0,0,0,0,0,0,0,1,0,0,1,0,0,0
1,0,0,0,0,366500,NA,NA,360,1,0,0,NA,0,1,1,5220,665,1,0,NA,1,1,42,1,0,0,1,0,0,0,0,0,1,1,0,0,1,0,0,0,1,0,0,0,0,0,0,0,0,1,0
1,0,0,0,0,346500,NA,NA,360,0,0,0,NA,0,1,1,8880,552,1,1,NA,1,1,39,1,0,0,1,0,0,1,0,0,0,1,0,0,1,0,0,0,0,1,0,0,0,0,0,1,0,0,0
0,0,0,0,0,566500,NA,NA,360,0,0,0,NA,0,1,1,22680,511,1,1,NA,1,1,47,1,0,0,1,0,0,1,0,0,0,1,0,0,1,0,0,0,0,0,0,0,0,1,0,1,0,0,0
1,0,0,0,0,336500,NA,NA,360,0,0,0,NA,0,1,1,3780,797,1,0,NA,1,1,54,1,0,0,1,0,0,0,0,1,0,1,0,0,1,0,0,0,0,0,0,0,1,0,0,1,0,0,0
1,0,0,0,0,246500,NA,NA,360,0,0,1,NA,0,1,1,6480,546,1,1,NA,1,1,38,1,0,0,1,0,0,1,0,0,0,1,0,0,1,0,0,0,0,0,1,0,0,0,0,0,0,1,0
1,0,0,0,0,226500,NA,NA,360,0,0,0,NA,0,1,1,3360,892,1,1,NA,1,1,55,1,0,0,1,0,0,0,0,1,0,1,0,0,1,0,0,0,0,0,0,0,0,1,0,1,0,0,0
1,0,0,0,1,496500,NA,NA,360,0,0,0,NA,0,1,1,6600,856,1,0,NA,1,1,49,1,0,0,0,1,0,1,0,0,0,1,0,0,1,0,0,0,0,0,1,0,0,0,0,0,0,1,0
1,1,0,0,0,186500,NA,NA,156,1,0,0,NA,0,1,1,2760,552,1,1,NA,1,1,8,1,0,0,1,0,0,0,0,0,1,1,0,0,1,0,0,0,0,0,0,0,1,0,0,1,0,0,0
1,0,0,0,0,136500,NA,NA,180,0,0,0,NA,0,1,1,3000,610,1,1,NA,1,1,30,1,0,0,1,0,0,0,0,1,0,1,0,0,1,0,0,0,0,0,0,0,1,0,0,0,0,1,0
1,0,0,0,0,696500,NA,NA,360,0,0,0,NA,0,1,1,11640,638,1,0,NA,1,1,31,1,0,0,1,0,0,0,0,0,1,1,0,0,1,0,0,0,0,1,0,0,0,0,0,1,0,0,0
1,0,0,0,0,476500,NA,NA,360,0,0,1,NA,0,1,1,7740,837,1,0,NA,1,1,12,1,0,0,1,0,0,0,0,0,1,1,0,0,1,0,0,0,0,0,0,1,0,0,0,0,0,1,0
1,0,0,0,0,286500,NA,NA,360,0,0,0,NA,0,1,1,4260,649,1,0,NA,1,1,49,1,0,0,1,0,0,0,0,0,1,1,0,0,1,0,0,0,0,1,0,0,0,0,0,0,0,1,0
1,0,0,0,0,126500,NA,NA,180,0,1,0,NA,0,1,1,1920,710,1,1,NA,1,1,25,1,0,0,0,0,1,0,0,1,0,1,0,0,1,0,0,0,0,0,0,0,0,1,0,1,0,0,0
1,0,0,0,0,206500,NA,NA,360,0,0,0,NA,0,1,1,3000,603,1,1,NA,1,1,34,1,0,0,1,0,0,0,0,1,0,1,0,0,1,0,0,0,0,0,0,1,0,0,0,1,0,0,0
1,0,0,0,0,306500,NA,NA,360,1,0,0,NA,0,1,1,8040,660,1,1,NA,1,1,40,1,0,0,1,0,0,1,0,0,0,1,0,0,1,0,0,0,0,0,0,0,1,0,0,1,0,0,0
1,0,0,0,0,106500,NA,NA,360,0,0,0,NA,0,1,1,1080,739,1,1,NA,1,1,45,1,0,0,1,0,0,0,0,1,0,1,0,0,1,0,0,0,0,0,0,0,0,1,0,1,0,0,0
1,0,0,0,1,146500,NA,NA,360,1,0,0,NA,0,1,1,3060,550,1,1,NA,1,1,40,1,0,0,0,1,0,0,0,1,0,1,0,0,1,0,0,0,0,0,1,0,0,0,0,1,0,0,0
0,0,0,0,0,436500,NA,NA,360,0,0,0,NA,0,1,1,8760,753,1,1,NA,1,1,30,1,0,0,1,0,0,0,0,1,0,1,0,0,1,0,0,0,0,0,0,0,0,0,1,1,0,0,0
1,0,0,0,0,176500,NA,NA,360,0,0,0,NA,0,1,1,3300,530,1,1,NA,1,1,41,1,0,0,1,0,0,0,0,1,0,1,0,0,1,0,0,0,0,0,0,0,0,0,1,1,0,0,0
1,0,0,0,0,216500,NA,NA,360,0,0,0,NA,0,1,1,2700,835,1,1,NA,1,1,35,1,0,0,0,0,1,0,0,0,1,1,0,0,1,0,0,0,0,0,0,0,0,1,0,1,0,0,0
1,0,0,0,0,366500,NA,NA,360,0,0,1,NA,0,1,1,6180,779,1,1,NA,1,1,30,1,0,0,1,0,0,0,0,1,0,1,0,0,1,0,0,0,0,0,0,1,0,0,0,1,0,0,0
1,0,0,0,0,596500,NA,NA,360,0,0,0,NA,0,1,1,7500,685,1,0,NA,1,1,21,1,0,0,1,0,0,0,0,0,1,1,0,0,1,0,0,0,0,1,0,0,0,0,0,0,0,1,0
1,0,0,0,0,596500,NA,NA,360,0,0,0,NA,0,1,1,7140,805,1,0,NA,1,1,40,1,0,0,1,0,0,0,0,0,1,1,0,0,1,0,0,0,0,1,0,0,0,0,0,1,0,0,0
1,0,0,0,0,286500,NA,NA,360,1,0,0,NA,0,1,1,3000,867,1,1,NA,1,1,56,1,0,0,0,0,1,0,0,1,0,1,0,0,1,0,0,0,0,0,0,0,0,0,1,1,0,0,0
1,0,0,0,0,106500,NA,NA,360,0,0,0,NA,0,1,1,1440,601,1,1,NA,1,1,41,1,0,0,0,0,1,0,0,1,0,1,0,0,1,0,0,0,0,0,0,0,0,1,0,1,0,0,0
1,0,0,0,0,506500,NA,NA,360,0,0,0,NA,0,1,1,4680,780,1,0,NA,1,1,41,1,0,0,1,0,0,0,0,0,1,1,0,0,1,0,0,0,0,0,1,0,0,0,0,1,0,0,0
1,1,0,0,0,416500,NA,NA,360,0,0,0,NA,0,1,1,5700,515,1,0,NA,1,1,34,1,0,0,1,0,0,0,0,0,1,1,0,0,1,0,0,0,0,0,1,0,0,0,0,0,0,1,0
1,0,0,0,0,466500,NA,NA,360,1,0,0,NA,0,1,1,6060,615,1,0,NA,1,1,50,1,0,0,1,0,0,1,0,0,0,1,0,0,1,0,0,0,0,0,0,1,0,0,0,1,0,0,0
1,0,0,0,0,326500,NA,NA,360,0,1,0,NA,0,1,1,8820,588,1,0,NA,1,1,26,1,0,0,1,0,0,1,0,0,0,1,0,0,1,0,0,0,0,0,0,1,0,0,0,0,1,0,0
1,0,0,0,0,96500,NA,NA,360,1,0,0,NA,0,1,1,3600,564,1,1,NA,1,1,40,1,0,0,1,0,0,0,0,1,0,1,0,0,1,0,0,0,0,0,0,1,0,0,0,1,0,0,0
1,0,0,0,0,436500,NA,NA,360,0,0,0,NA,0,1,1,9660,687,1,0,NA,1,1,36,1,0,0,1,0,0,0,0,0,1,1,0,0,1,0,0,0,0,0,1,0,0,0,0,1,0,0,0
0,0,0,0,0,756500,NA,NA,360,0,0,0,NA,0,1,1,12000,862,1,1,NA,1,1,41,1,0,0,1,0,0,0,0,1,0,1,0,0,1,0,0,0,0,0,0,1,0,0,0,1,0,0,0
1,0,0,0,0,236500,NA,NA,360,1,0,0,NA,0,1,1,3720,784,1,0,NA,1,1,43,1,0,0,1,0,0,1,0,0,0,1,0,0,1,0,0,0,0,0,1,0,0,0,0,1,0,0,0
1,0,0,0,0,196500,NA,NA,360,0,0,0,NA,0,1,1,3180,504,1,1,NA,1,1,25,1,0,0,1,0,0,0,0,0,1,1,0,0,1,0,0,0,0,1,0,0,0,0,0,1,0,0,0
1,1,0,0,1,156500,NA,NA,360,0,0,0,NA,0,1,1,2460,564,1,1,NA,1,1,49,1,0,0,0,1,0,1,0,0,0,1,0,0,1,0,0,0,0,0,1,0,0,0,0,0,0,1,0
1,0,0,0,0,1186500,NA,NA,360,0,0,0,NA,0,1,4,75240,877,1,0,NA,1,1,12,1,0,0,1,0,0,1,0,0,0,1,0,0,1,0,0,0,0,0,0,1,0,0,0,0,0,1,0
1,0,0,0,0,196500,NA,NA,276,1,0,0,NA,0,1,1,4260,512,1,1,NA,1,1,48,1,0,0,1,0,0,1,0,0,0,1,0,0,1,0,0,0,0,0,1,0,0,0,0,1,0,0,0
1,0,0,0,0,416500,NA,NA,360,0,0,0,NA,0,1,1,5580,636,1,0,NA,1,1,44,1,0,0,1,0,0,1,0,0,0,1,0,0,1,0,0,0,0,0,0,1,0,0,0,1,0,0,0
1,0,0,0,0,126500,NA,NA,180,0,0,0,NA,0,1,1,7200,808,1,1,NA,1,1,36,1,0,0,0,0,1,0,0,1,0,1,0,0,1,0,0,0,0,0,0,0,0,1,0,1,0,0,0
1,0,0,0,0,166500,NA,NA,360,0,0,0,NA,0,1,1,5520,723,1,0,NA,1,1,27,1,0,0,1,0,0,0,0,0,1,1,0,0,1,0,0,0,0,0,0,0,1,0,0,1,0,0,0
0,0,0,0,0,366500,NA,NA,360,1,0,0,NA,0,1,1,7680,518,1,1,NA,1,1,47,1,0,0,1,0,0,1,0,0,0,1,0,0,1,0,0,0,0,0,1,0,0,0,0,1,0,0,0
1,0,0,0,0,266500,NA,NA,360,1,0,0,NA,0,1,1,6480,855,1,1,NA,1,1,43,1,0,0,1,0,0,1,0,0,0,1,0,0,1,0,0,0,0,1,0,0,0,0,0,1,0,0,0
1,0,1,0,0,226500,NA,NA,360,0,0,0,NA,0,1,1,14100,764,1,1,NA,1,1,49,1,0,0,1,0,0,1,0,0,0,1,0,0,1,0,0,0,0,0,0,1,0,0,0,0,0,1,0
1,0,0,0,0,326500,NA,NA,180,0,0,0,NA,0,1,1,9060,802,1,1,NA,1,1,45,1,0,0,1,0,0,0,0,0,1,1,0,0,1,0,0,0,0,0,0,1,0,0,0,1,0,0,0
1,0,0,0,0,526500,NA,NA,360,0,0,0,NA,0,1,1,6900,642,1,0,NA,1,1,36,1,0,0,1,0,0,0,0,0,1,1,0,0,1,0,0,0,0,0,1,0,0,0,0,1,0,0,0
1,0,0,0,1,216500,NA,NA,360,0,0,0,NA,0,1,1,0,645,1,0,NA,1,1,48,1,0,0,0,1,0,0,0,0,1,1,0,0,1,0,0,0,0,0,1,0,0,0,0,0,1,0,0
1,0,0,0,0,536500,NA,NA,360,0,0,0,NA,0,1,1,7140,822,1,0,NA,1,1,21,1,0,0,1,0,0,0,0,0,1,1,0,0,1,0,0,0,0,0,1,0,0,0,0,0,0,1,0
1,0,1,0,0,406500,NA,NA,300,1,1,0,NA,0,1,1,5700,821,1,1,NA,1,1,43,1,0,0,0,0,1,1,0,0,0,1,0,0,1,0,0,0,0,1,0,0,0,0,0,1,0,0,0
0,0,0,0,0,106500,NA,NA,360,0,0,0,NA,0,1,1,2100,800,1,1,NA,1,1,31,1,0,0,1,0,0,1,0,0,0,1,0,0,1,0,0,0,0,0,0,1,0,0,0,0,0,1,0
1,0,1,0,0,186500,NA,NA,300,1,0,0,NA,0,1,1,3000,697,1,0,NA,1,1,38,1,0,0,1,0,0,1,0,0,0,1,0,0,1,0,0,0,0,0,1,0,0,0,0,1,0,0,0
1,0,0,0,1,36500,NA,NA,360,1,0,0,NA,0,1,2,7020,836,1,1,NA,1,1,40,1,0,0,0,1,0,1,0,0,0,1,0,0,1,0,0,0,0,0,0,1,0,0,0,1,0,0,0
1,1,0,0,0,486500,NA,NA,360,0,0,0,NA,0,1,1,6960,775,1,0,NA,1,1,39,1,0,0,1,0,0,0,0,0,1,1,0,0,1,0,0,0,0,1,0,0,0,0,0,1,0,0,0
1,0,1,0,0,486500,NA,NA,300,1,1,0,NA,0,1,1,3960,891,1,1,NA,1,1,5,1,0,0,0,0,1,0,0,1,0,1,0,0,1,0,0,0,0,0,1,0,0,0,0,0,0,1,0
1,0,0,0,0,166500,NA,NA,180,0,0,1,NA,0,1,1,2820,848,1,1,NA,1,1,26,1,0,0,1,0,0,0,0,1,0,1,0,0,1,0,0,0,0,0,1,0,0,0,0,0,0,1,0
1,0,0,0,0,706500,NA,NA,360,0,0,1,NA,0,1,1,10680,715,1,0,NA,1,1,43,1,0,0,1,0,0,0,1,0,0,1,0,0,1,0,0,0,0,1,0,0,0,0,0,0,0,1,0
1,0,0,0,0,476500,NA,NA,360,0,0,0,NA,0,1,1,17940,689,1,1,NA,1,1,42,1,0,0,1,0,0,1,0,0,0,0,0,1,1,0,0,0,0,0,0,1,0,0,0,1,0,0,0
0,0,1,0,0,1146500,NA,NA,360,0,0,0,NA,0,1,1,0,882,1,0,NA,1,1,30,1,0,0,0,0,1,0,0,0,1,1,0,0,1,0,0,0,0,0,0,0,0,1,0,1,0,0,0
1,0,0,0,0,436500,NA,NA,312,0,0,0,NA,0,1,1,7680,807,1,1,NA,1,1,46,1,0,0,1,0,0,0,0,1,0,1,0,0,1,0,0,0,0,0,0,1,0,0,0,1,0,0,0
1,0,0,0,0,316500,NA,NA,360,0,0,0,NA,0,1,1,6000,557,1,0,NA,1,1,45,1,0,0,1,0,0,0,0,1,0,1,0,0,1,0,0,0,0,0,0,1,0,0,0,1,0,0,0
1,0,1,0,0,486500,NA,NA,360,0,0,0,NA,0,1,1,6660,716,1,0,NA,1,1,48,1,0,0,1,0,0,0,0,0,1,1,0,0,1,0,0,0,0,0,1,0,0,0,0,0,0,1,0
1,1,0,0,0,106500,NA,NA,240,0,0,0,NA,0,1,1,3600,557,1,1,NA,1,1,33,1,0,0,1,0,0,0,0,0,1,0,0,1,1,0,0,0,0,0,0,0,1,0,0,1,0,0,0
1,0,0,0,0,376500,NA,NA,360,0,0,0,NA,0,1,1,6360,643,1,0,NA,1,1,20,1,0,0,1,0,0,0,0,1,0,0,1,0,1,0,0,0,0,0,0,0,1,0,0,1,0,0,0
1,0,1,0,0,266500,NA,NA,300,1,0,0,NA,0,1,1,3000,723,1,1,NA,1,1,46,1,0,0,0,0,1,0,0,1,0,1,0,0,1,0,0,0,0,0,0,0,0,0,1,1,0,0,0
1,0,0,0,0,216500,NA,NA,360,0,0,0,NA,0,1,1,2700,561,1,0,NA,1,1,34,1,0,0,1,0,0,1,0,0,0,1,0,0,1,0,0,0,0,1,0,0,0,0,0,0,0,1,0
1,0,0,0,0,636500,NA,NA,360,0,0,0,NA,0,1,1,9600,771,1,0,NA,1,1,36,1,0,0,1,0,0,0,0,0,1,1,0,0,1,0,0,0,0,0,1,0,0,0,0,0,0,1,0
1,1,0,0,0,186500,NA,NA,360,0,0,0,NA,0,1,1,1560,622,1,1,NA,1,1,36,1,0,0,0,0,1,1,0,0,0,1,0,0,1,0,0,0,0,0,0,0,0,1,0,0,0,0,1
1,0,0,0,0,266500,NA,NA,360,0,0,0,NA,0,1,1,9600,574,1,0,NA,1,1,56,1,0,0,1,0,0,1,0,0,0,0,1,0,1,0,0,0,0,0,0,0,1,0,0,1,0,0,0
0,0,0,0,1,386500,NA,NA,360,1,0,0,NA,0,1,1,8280,751,1,1,NA,1,1,39,1,0,0,0,1,0,1,0,0,0,1,0,0,1,0,0,0,0,0,0,0,0,0,1,1,0,0,0
1,0,0,0,0,106500,NA,NA,240,0,0,0,NA,0,1,1,5340,662,1,1,NA,1,1,41,1,0,0,1,0,0,0,1,0,0,1,0,0,1,0,0,0,0,0,0,0,1,0,0,1,0,0,0
1,0,0,0,0,436500,NA,NA,360,0,1,0,NA,0,1,1,5280,624,1,1,NA,1,1,33,1,0,0,1,0,0,0,0,0,1,1,0,0,1,0,0,0,0,1,0,0,0,0,0,1,0,0,0
1,0,0,0,1,226500,NA,NA,360,0,0,0,NA,0,1,1,3060,625,1,1,NA,1,1,38,1,0,0,0,1,0,0,0,1,0,1,0,0,1,0,0,0,0,0,0,0,0,0,1,0,0,0,1
1,0,0,0,1,546500,NA,NA,360,0,0,0,NA,0,1,1,0,743,1,0,NA,1,1,38,1,0,0,0,1,0,0,0,0,1,1,0,0,1,0,0,0,0,0,0,1,0,0,0,0,1,0,0
1,0,0,0,0,306500,NA,NA,120,0,0,0,NA,0,1,1,7320,876,1,1,NA,1,1,55,1,0,0,1,0,0,0,0,1,0,1,0,0,1,0,0,0,0,0,0,1,0,0,0,0,1,0,0
1,0,0,0,0,296500,NA,NA,360,1,0,0,NA,0,1,1,2760,880,1,1,NA,1,1,37,1,0,0,0,0,1,0,0,1,0,1,0,0,1,0,0,0,0,1,0,0,0,0,0,1,0,0,0
1,0,0,0,0,256500,NA,NA,180,1,0,0,NA,0,1,1,9120,757,1,1,NA,1,1,43,1,0,0,1,0,0,0,0,1,0,1,0,0,1,0,0,0,0,0,0,1,0,0,0,1,0,0,0
0,1,0,0,0,246500,NA,NA,360,0,0,0,NA,0,1,1,2460,503,1,0,NA,1,1,38,1,0,0,1,0,0,1,0,0,0,1,0,0,1,0,0,0,0,0,0,0,1,0,0,0,0,1,0
1,0,0,0,1,126500,NA,NA,360,1,0,0,NA,0,1,1,2460,517,1,1,NA,1,1,38,1,0,0,0,1,0,0,0,1,0,1,0,0,1,0,0,0,0,0,1,0,0,0,0,1,0,0,0
0,1,0,0,0,236500,NA,NA,360,0,0,0,NA,0,1,1,8820,840,1,1,NA,1,1,41,1,0,0,1,0,0,1,0,0,0,1,0,0,1,0,0,0,0,0,0,0,1,0,0,1,0,0,0
1,0,0,0,0,186500,NA,NA,300,0,1,0,NA,0,1,1,3060,777,1,1,NA,1,1,35,1,0,0,1,0,0,0,0,0,1,1,0,0,1,0,0,0,0,0,0,0,0,1,0,1,0,0,0
1,0,0,0,0,476500,NA,NA,360,1,0,0,NA,0,1,1,5820,512,1,0,NA,1,1,22,1,0,0,1,0,0,0,0,0,1,1,0,0,1,0,0,0,0,1,0,0,0,0,0,1,0,0,0
1,0,0,0,0,256500,NA,NA,360,0,0,0,NA,0,1,1,4500,541,1,0,NA,1,1,32,1,0,0,1,0,0,1,0,0,0,0,1,0,1,0,0,0,0,0,0,0,1,0,0,1,0,0,0
0,0,0,0,0,176500,NA,NA,324,1,0,0,NA,0,1,1,16980,594,1,1,NA,1,1,50,1,0,0,1,0,0,1,0,0,0,1,0,0,1,0,0,0,0,0,0,0,0,1,0,1,0,0,0
1,0,0,0,0,236500,NA,NA,360,0,0,0,NA,0,1,1,3600,803,1,1,NA,1,1,42,1,0,0,0,0,1,0,0,1,0,1,0,0,1,0,0,0,0,0,1,0,0,0,0,0,0,1,0
0,1,0,0,0,1366500,NA,NA,360,0,0,0,NA,0,1,1,18000,643,1,1,NA,1,1,41,1,0,0,1,0,0,0,0,0,0,1,0,0,1,0,0,0,0,0,0,1,0,0,0,1,0,0,0
1,0,0,0,0,416500,NA,NA,360,0,0,0,NA,0,1,1,4440,660,1,1,NA,1,1,34,1,0,0,1,0,0,0,0,1,0,1,0,0,1,0,0,0,0,0,0,0,1,0,0,1,0,0,0
1,0,0,0,0,316500,NA,NA,360,0,0,0,NA,0,1,1,9960,671,1,1,NA,1,1,22,1,0,0,1,0,0,0,0,1,0,1,0,0,1,0,0,0,0,0,1,0,0,0,0,0,0,1,0
0,0,0,0,0,186500,NA,NA,240,1,0,0,NA,0,1,1,6360,515,1,1,NA,1,1,20,1,0,0,1,0,0,0,0,0,1,1,0,0,1,0,0,0,0,1,0,0,0,0,0,1,0,0,0
1,0,0,0,0,96500,NA,NA,360,0,0,0,NA,0,1,1,3180,863,1,1,NA,1,1,44,1,0,0,1,0,0,1,0,0,0,0,0,1,1,0,0,0,0,0,1,0,0,0,0,1,0,0,0
1,0,1,0,0,116500,NA,NA,240,0,0,0,NA,0,1,1,2760,819,1,1,NA,1,1,54,1,0,0,0,0,1,0,0,1,0,1,0,0,1,0,0,0,0,0,0,0,0,1,0,0,1,0,0
1,0,0,0,0,226500,NA,NA,360,0,0,0,NA,0,1,1,3120,878,1,0,NA,1,1,34,1,0,0,1,0,0,0,0,0,1,1,0,0,1,0,0,0,0,0,0,0,0,1,0,1,0,0,0
1,0,0,0,0,486500,NA,NA,360,0,0,0,NA,0,1,1,6840,817,1,1,NA,1,1,15,1,0,0,1,0,0,1,0,0,0,1,0,0,1,0,0,0,0,0,1,0,0,0,0,0,0,1,0
1,1,0,0,0,236500,NA,NA,180,0,0,0,NA,0,1,1,4920,892,1,0,NA,1,1,56,1,0,0,1,0,0,0,0,0,1,1,0,0,1,0,0,0,0,0,0,1,0,0,0,0,0,1,0
1,0,0,0,0,496500,NA,NA,360,0,0,0,NA,0,1,1,5460,626,1,0,NA,1,1,24,1,0,0,1,0,0,1,0,0,0,1,0,0,1,0,0,0,0,1,0,0,0,0,0,1,0,0,0
1,0,0,0,0,276500,NA,NA,360,0,0,0,NA,0,1,1,2640,610,1,0,NA,1,1,12,1,0,0,1,0,0,0,0,1,0,1,0,0,1,0,0,0,0,0,0,0,1,0,0,0,0,1,0
0,0,0,0,0,496500,NA,NA,360,0,0,0,NA,0,1,1,11280,645,1,0,NA,1,1,47,1,0,0,0,0,1,1,0,0,0,1,0,0,1,0,0,0,0,0,1,0,0,0,0,1,0,0,0
1,0,0,0,0,206500,NA,NA,180,0,0,1,NA,0,1,1,2880,624,1,1,NA,1,1,46,1,0,0,1,0,0,0,0,0,1,1,0,0,1,0,0,0,0,0,0,0,1,0,0,0,0,1,0
0,1,0,0,0,226500,NA,NA,360,0,0,0,NA,0,1,1,4200,672,1,1,NA,1,1,48,1,0,0,1,0,0,0,0,1,0,1,0,0,1,0,0,0,0,0,1,0,0,0,0,1,0,0,0
1,0,0,0,0,636500,NA,NA,360,0,0,0,NA,0,1,1,8160,703,1,0,NA,1,1,20,1,0,0,1,0,0,0,0,1,0,1,0,0,1,0,0,0,0,0,0,0,0,1,0,0,1,0,0
1,0,0,0,0,446500,NA,NA,360,0,0,0,NA,0,1,1,8040,894,1,1,NA,1,1,51,1,0,0,1,0,0,0,0,1,0,1,0,0,1,0,0,0,0,0,0,0,0,1,0,1,0,0,0
1,0,0,0,1,66500,NA,NA,360,0,0,0,NA,0,1,1,3180,880,1,1,NA,1,1,44,1,0,0,0,1,0,1,0,0,0,1,0,0,1,0,0,0,0,0,1,0,0,0,0,1,0,0,0
1,0,0,0,0,226500,NA,NA,360,0,0,0,NA,0,1,1,2040,600,1,1,NA,1,1,42,1,0,0,0,0,1,0,0,0,1,1,0,0,1,0,0,0,0,0,0,0,0,0,1,1,0,0,0
1,0,0,0,0,236500,NA,NA,360,0,0,0,NA,0,1,1,2700,727,1,1,NA,1,1,44,1,0,0,0,0,1,0,0,0,1,1,0,0,1,0,0,0,0,0,0,0,0,1,0,0,0,1,0
1,0,0,0,1,286500,NA,NA,360,1,0,0,NA,0,1,1,0,594,1,1,NA,1,1,45,1,0,0,0,1,0,0,0,0,1,1,0,0,1,0,0,0,0,0,1,0,0,0,0,1,0,0,0
1,0,0,0,0,146500,NA,NA,240,0,0,0,NA,0,1,1,9000,677,1,1,NA,1,1,13,1,0,0,1,0,0,0,0,0,1,1,0,0,1,0,0,0,0,0,0,1,0,0,0,1,0,0,0
1,1,0,0,1,346500,NA,NA,360,0,0,0,NA,0,1,1,8100,814,1,1,NA,1,1,49,1,0,0,0,1,0,0,0,1,0,1,0,0,1,0,0,0,0,0,0,0,1,0,0,1,0,0,0
1,0,0,0,0,166500,NA,NA,360,0,0,0,NA,0,1,1,15000,657,1,0,NA,1,1,32,1,0,0,1,0,0,1,0,0,0,0,1,0,1,0,0,0,0,0,1,0,0,0,0,0,0,1,0
1,0,0,0,0,436500,NA,NA,216,1,0,0,NA,0,1,1,5760,538,1,0,NA,1,1,11,1,0,0,1,0,0,0,0,1,0,1,0,0,1,0,0,0,0,0,0,0,0,0,1,1,0,0,0
1,0,0,0,0,286500,NA,NA,360,0,0,0,NA,0,1,1,0,508,1,0,NA,1,1,37,1,0,0,0,0,1,0,0,0,1,1,0,0,1,0,0,0,0,0,0,1,0,0,0,0,0,1,0
1,0,0,0,0,266500,NA,NA,360,0,0,0,NA,0,1,1,3120,827,1,1,NA,1,1,31,1,0,0,1,0,0,0,0,1,0,1,0,0,1,0,0,0,0,0,0,0,1,0,0,1,0,0,0
1,0,0,0,0,256500,NA,NA,360,0,1,0,NA,0,1,1,3360,899,1,0,NA,1,1,38,1,0,0,1,0,0,0,0,0,1,1,0,0,1,0,0,0,0,0,0,1,0,0,0,1,0,0,0
0,0,0,0,0,766500,NA,NA,360,1,0,0,NA,0,1,1,0,678,1,0,NA,1,1,18,1,0,0,0,0,1,0,0,0,1,1,0,0,1,0,0,0,0,0,1,0,0,0,0,0,0,1,0
1,1,0,0,0,356500,NA,NA,360,0,0,0,NA,0,1,1,10800,551,1,0,NA,1,1,12,1,0,0,1,0,0,0,0,0,1,1,0,0,1,0,0,0,0,0,0,0,1,0,0,0,0,1,0
1,0,0,0,0,266500,NA,NA,180,0,0,0,NA,0,1,1,6780,584,1,1,NA,1,1,11,1,0,0,1,0,0,0,0,1,0,1,0,0,1,0,0,0,0,0,1,0,0,0,0,1,0,0,0
1,0,1,0,0,206500,NA,NA,360,0,0,0,NA,0,1,1,0,537,1,1,NA,1,1,39,1,0,0,1,0,0,0,0,0,1,1,0,0,1,0,0,0,0,0,0,0,1,0,0,0,0,1,0
1,1,0,0,0,166500,NA,NA,360,0,0,0,NA,0,1,1,5820,770,1,1,NA,1,1,43,1,0,0,1,0,0,1,0,0,0,1,0,0,1,0,0,0,0,0,0,0,1,0,0,1,0,0,0
1,0,0,0,0,216500,NA,NA,360,1,0,0,NA,0,1,1,5160,541,1,0,NA,1,1,39,1,0,0,1,0,0,0,0,0,1,0,1,0,1,0,0,0,0,0,0,1,0,0,0,1,0,0,0
1,1,0,0,0,726500,NA,NA,360,0,0,0,NA,0,1,1,10080,846,1,0,NA,1,1,37,1,0,0,1,0,0,1,0,0,0,1,0,0,1,0,0,0,0,0,0,0,1,0,0,1,0,0,0
1,0,0,0,0,416500,NA,NA,360,0,1,0,NA,0,1,1,4980,614,1,0,NA,1,1,47,1,0,0,1,0,0,0,0,0,1,1,0,0,1,0,0,0,0,1,0,0,0,0,0,0,0,1,0
1,0,0,0,0,236500,NA,NA,180,0,0,0,NA,0,1,1,6060,541,1,1,NA,1,1,53,1,0,0,1,0,0,0,0,1,0,1,0,0,1,0,0,0,0,0,0,1,0,0,0,1,0,0,0
1,0,1,0,0,216500,NA,NA,180,1,0,0,NA,0,1,1,9360,806,1,1,NA,1,1,52,1,0,0,1,0,0,0,0,0,1,1,0,0,1,0,0,0,0,0,0,0,1,0,0,1,0,0,0
1,0,0,0,0,406500,NA,NA,360,0,0,0,NA,0,1,1,4620,893,1,0,NA,1,1,55,1,0,0,1,0,0,0,0,1,0,1,0,0,1,0,0,0,0,0,1,0,0,0,0,1,0,0,0
0,0,0,0,0,406500,NA,NA,360,1,0,0,NA,0,1,1,6360,742,1,0,NA,1,1,59,1,0,0,1,0,0,1,0,0,0,1,0,0,1,0,0,0,0,0,1,0,0,0,0,0,0,1,0
1,0,0,0,0,326500,NA,NA,360,0,0,0,NA,0,1,1,4200,876,1,0,NA,1,1,7,1,0,0,0,0,1,1,0,0,0,1,0,0,1,0,0,0,0,0,0,0,1,0,0,1,0,0,0
1,0,0,0,0,316500,NA,NA,360,1,0,0,NA,0,1,1,0,830,1,0,NA,1,1,46,1,0,0,0,0,1,0,0,0,1,1,0,0,1,0,0,0,0,0,0,1,0,0,0,1,0,0,0
1,0,0,0,0,346500,NA,NA,360,0,0,0,NA,0,1,1,9300,661,1,0,NA,1,1,26,1,0,0,1,0,0,1,0,0,0,1,0,0,1,0,0,0,0,0,0,0,0,1,0,1,0,0,0
1,0,0,0,0,276500,NA,NA,180,0,0,0,NA,0,1,1,6780,535,1,1,NA,1,1,39,1,0,0,1,0,0,0,0,1,0,1,0,0,1,0,0,0,0,0,0,0,0,1,0,0,0,1,0
1,0,1,0,0,276500,NA,NA,180,1,0,0,NA,0,1,1,12600,737,1,1,NA,1,1,36,1,0,0,1,0,0,1,0,0,0,1,0,0,1,0,0,0,0,1,0,0,0,0,0,0,0,1,0
1,0,0,0,0,486500,NA,NA,360,0,0,0,NA,0,1,1,9420,755,1,1,NA,1,1,10,1,0,0,1,0,0,1,0,0,0,1,0,0,1,0,0,0,0,0,0,1,0,0,0,1,0,0,0
1,0,0,0,0,286500,NA,NA,360,0,0,0,NA,0,1,1,6480,713,1,1,NA,1,1,44,1,0,0,1,0,0,1,0,0,0,1,0,0,1,0,0,0,0,1,0,0,0,0,0,0,0,1,0
1,1,0,0,0,256500,NA,NA,360,0,0,0,NA,0,1,1,2220,639,1,1,NA,1,1,54,1,0,0,0,0,1,0,0,0,1,1,0,0,1,0,0,0,0,0,0,0,0,1,0,0,1,0,0
1,0,0,0,0,206500,NA,NA,360,0,0,0,NA,0,1,1,2700,805,1,1,NA,1,1,44,1,0,0,1,0,0,1,0,0,0,1,0,0,1,0,0,0,0,0,1,0,0,0,0,1,0,0,0
1,0,0,0,0,286500,NA,NA,360,0,0,0,NA,0,1,1,4080,507,1,0,NA,1,1,37,1,0,0,1,0,0,0,0,0,1,1,0,0,1,0,0,0,0,0,0,1,0,0,0,1,0,0,0
1,0,0,0,0,406500,NA,NA,360,0,0,0,NA,0,1,1,8460,707,1,1,NA,1,1,43,1,0,0,1,0,0,0,0,1,0,1,0,0,1,0,0,0,0,0,0,0,0,0,1,0,0,1,0
1,0,1,0,0,496500,NA,NA,300,1,0,0,NA,0,1,1,6000,760,1,0,NA,1,1,10,1,0,0,1,0,0,0,0,0,1,1,0,0,1,0,0,0,0,1,0,0,0,0,0,0,0,1,0
1,0,0,0,0,436500,NA,NA,360,0,0,0,NA,0,1,1,5640,678,1,0,NA,1,1,46,1,0,0,1,0,0,0,0,0,1,1,0,0,1,0,0,0,0,0,0,1,0,0,0,1,0,0,0
0,1,0,0,0,456500,NA,NA,360,0,0,0,NA,0,1,1,9480,770,1,1,NA,1,1,27,1,0,0,1,0,0,0,0,1,0,1,0,0,1,0,0,0,0,0,0,0,1,0,0,1,0,0,0
1,0,0,0,1,416500,NA,NA,360,0,0,0,NA,0,1,1,7800,526,1,1,NA,1,1,31,1,0,0,0,1,0,0,0,1,0,1,0,0,1,0,0,0,0,0,0,1,0,0,0,0,0,1,0
1,0,0,0,0,166500,NA,NA,180,0,0,0,NA,0,1,1,5700,534,1,1,NA,1,1,41,1,0,0,0,0,1,0,0,1,0,1,0,0,1,0,0,0,0,0,0,1,0,0,0,0,1,0,0
1,0,0,0,0,276500,NA,NA,240,0,0,0,NA,0,1,1,2520,603,1,1,NA,1,1,44,1,0,0,0,0,1,0,0,1,0,1,0,0,1,0,0,0,0,0,0,1,0,0,0,0,0,0,1
1,0,0,0,0,326500,NA,NA,360,0,0,0,NA,0,1,1,3480,642,1,0,NA,1,1,38,1,0,0,1,0,0,0,0,0,1,1,0,0,1,0,0,0,0,0,0,0,0,1,0,1,0,0,0
1,0,0,0,0,176500,NA,NA,360,0,0,0,NA,0,1,1,2760,547,1,1,NA,1,1,41,1,0,0,1,0,0,1,0,0,0,1,0,0,1,0,0,0,0,0,0,0,0,1,0,1,0,0,0
1,0,1,0,0,146500,NA,NA,324,0,0,0,NA,0,1,1,3660,859,1,1,NA,1,1,35,1,0,0,1,0,0,0,0,0,1,1,0,0,1,0,0,0,0,0,0,1,0,0,0,1,0,0,0
1,0,0,0,0,496500,NA,NA,360,0,0,0,NA,0,1,1,6060,879,1,0,NA,1,1,41,1,0,0,1,0,0,0,0,0,1,1,0,0,1,0,0,0,0,0,1,0,0,0,0,0,0,1,0
1,1,0,0,0,156500,NA,NA,360,0,0,0,NA,0,1,1,3060,630,1,1,NA,1,1,36,1,0,0,1,0,0,1,0,0,0,1,0,0,1,0,0,0,0,0,0,0,1,0,0,1,0,0,0
1,0,0,0,0,156500,NA,NA,360,0,0,0,NA,0,1,1,1800,829,1,1,NA,1,1,30,1,0,0,0,0,1,0,0,1,0,1,0,0,1,0,0,0,0,0,0,0,1,0,0,1,0,0,0
1,1,0,0,0,446500,NA,NA,360,0,0,0,NA,0,1,1,5880,603,1,1,NA,1,1,49,1,0,0,1,0,0,0,0,1,0,1,0,0,1,0,0,0,0,0,0,0,1,0,0,1,0,0,0
0,1,0,0,0,846500,NA,NA,360,0,0,0,NA,0,1,1,30120,871,1,0,NA,1,1,44,1,0,0,1,0,0,0,0,1,0,1,0,0,1,0,0,0,0,1,0,0,0,0,0,1,0,0,0
0,0,0,0,0,346500,NA,NA,240,0,0,0,NA,0,1,1,6960,692,1,1,NA,1,1,38,1,0,0,1,0,0,0,0,1,0,1,0,0,1,0,0,0,0,0,0,0,0,1,0,0,0,1,0
1,0,0,0,1,226500,NA,NA,360,0,0,0,NA,0,1,1,0,676,1,0,NA,1,1,43,1,0,0,0,1,0,0,0,0,1,1,0,0,1,0,0,0,0,0,0,0,1,0,0,1,0,0,0
1,0,0,0,0,516500,NA,NA,360,0,0,0,NA,0,1,1,7200,549,1,0,NA,1,1,42,1,0,0,1,0,0,0,0,0,1,1,0,0,1,0,0,0,0,0,1,0,0,0,0,1,0,0,0
1,0,0,0,0,446500,NA,NA,360,0,0,0,NA,0,1,1,9420,633,1,0,NA,1,1,43,1,0,0,1,0,0,0,0,0,1,1,0,0,1,0,0,0,0,0,1,0,0,0,0,1,0,0,0
1,0,0,0,0,166500,NA,NA,360,0,0,0,NA,0,1,1,2820,555,1,1,NA,1,1,29,1,0,0,0,0,1,0,0,0,1,1,0,0,1,0,0,0,0,0,0,0,1,0,0,1,0,0,0
0,0,0,0,0,376500,NA,NA,360,1,0,0,NA,0,1,1,4020,797,1,0,NA,1,1,21,1,0,0,1,0,0,0,0,0,1,1,0,0,1,0,0,0,0,1,0,0,0,0,0,1,0,0,0
1,0,0,0,1,456500,NA,NA,360,1,0,0,NA,0,1,1,5340,772,1,1,NA,1,1,26,1,0,0,0,1,0,0,0,1,0,1,0,0,1,0,0,0,0,0,1,0,0,0,0,1,0,0,0
1,0,0,0,0,726500,NA,NA,360,0,0,0,NA,0,1,1,9720,581,1,0,NA,1,1,41,1,0,0,1,0,0,0,0,0,1,1,0,0,1,0,0,0,0,0,0,1,0,0,0,0,0,1,0
0,0,1,0,0,716500,NA,NA,300,1,1,0,NA,0,1,1,11280,677,1,1,NA,1,1,21,1,0,0,1,0,0,0,0,1,0,1,0,0,1,0,0,0,0,0,0,0,0,0,1,1,0,0,0
1,0,0,0,0,186500,NA,NA,360,0,0,0,NA,0,1,1,6660,850,1,1,NA,1,1,56,1,0,0,1,0,0,1,0,0,0,1,0,0,1,0,0,0,0,0,0,0,0,1,0,1,0,0,0
0,0,0,0,0,1036500,NA,NA,360,0,0,0,NA,0,1,1,16140,670,1,1,NA,1,1,22,1,0,0,1,0,0,0,0,1,0,1,0,0,1,0,0,0,0,0,0,0,0,0,1,0,0,1,0
1,0,0,0,0,206500,NA,NA,360,0,0,0,NA,0,1,1,8700,832,1,1,NA,1,1,41,1,0,0,1,0,0,1,0,0,0,1,0,0,1,0,0,0,0,0,1,0,0,0,0,1,0,0,0
1,0,0,0,0,206500,NA,NA,NA,1,0,0,NA,0,1,1,33540,889,1,1,NA,1,1,30,1,0,0,1,0,0,0,0,0,1,1,0,0,1,0,0,0,0,0,0,0,1,0,0,1,0,0,0
1,0,0,0,0,606500,NA,NA,360,0,0,0,NA,0,1,1,10740,651,1,1,NA,1,1,49,1,0,0,0,0,1,1,0,0,0,1,0,0,1,0,0,0,0,0,1,0,0,0,0,1,0,0,0
1,0,0,0,0,156500,NA,NA,180,0,0,0,NA,0,1,1,3180,887,1,1,NA,1,1,26,1,0,0,1,0,0,0,0,1,0,1,0,0,1,0,0,0,0,0,0,0,0,1,0,0,0,1,0
1,0,0,0,1,246500,NA,NA,360,0,0,0,NA,0,1,1,2580,774,1,0,NA,1,1,9,1,0,0,0,1,0,1,0,0,0,1,0,0,1,0,0,0,1,0,0,0,0,0,0,1,0,0,0
1,1,0,0,0,206500,NA,NA,360,0,0,0,NA,0,1,1,4080,513,1,1,NA,1,1,37,1,0,0,1,0,0,0,1,0,0,1,0,0,1,0,0,0,0,0,0,0,1,0,0,1,0,0,0
1,0,0,0,0,176500,NA,NA,360,0,0,0,NA,0,1,1,2520,519,1,1,NA,1,1,37,1,0,0,1,0,0,1,0,0,0,1,0,0,1,0,0,0,0,0,0,0,0,1,0,1,0,0,0
1,0,0,0,0,276500,NA,NA,360,0,0,0,NA,0,1,1,6840,647,1,0,NA,1,1,35,1,0,0,1,0,0,0,0,0,1,1,0,0,1,0,0,0,0,0,1,0,0,0,0,1,0,0,0
1,0,0,0,0,336500,NA,NA,360,0,0,0,NA,0,1,1,7380,789,1,1,NA,1,1,19,1,0,0,1,0,0,0,0,0,1,1,0,0,1,0,0,0,0,0,0,0,0,0,1,1,0,0,0
1,0,0,0,0,386500,NA,NA,300,0,1,0,NA,0,1,1,6480,554,1,1,NA,1,1,36,1,0,0,1,0,0,0,0,0,1,1,0,0,1,0,0,0,0,0,1,0,0,0,0,0,0,1,0
1,0,1,0,0,256500,NA,NA,240,1,0,0,NA,0,1,1,5220,812,1,1,NA,1,1,48,1,0,0,1,0,0,0,0,1,0,1,0,0,1,0,0,0,0,0,0,1,0,0,0,0,0,1,0
1,0,0,0,1,66500,NA,NA,360,0,0,0,NA,0,1,1,1860,827,1,1,NA,1,1,29,1,0,0,0,1,0,1,0,0,0,1,0,0,1,0,0,0,0,0,0,1,0,0,0,0,1,0,0
1,0,0,0,0,706500,NA,NA,360,0,0,0,NA,0,1,1,7800,643,1,0,NA,1,1,28,1,0,0,1,0,0,0,0,0,1,1,0,0,1,0,0,0,0,0,1,0,0,0,0,0,1,0,0
1,0,0,0,0,156500,NA,NA,360,0,0,0,NA,0,1,1,720,821,1,1,NA,1,1,44,1,0,0,1,0,0,0,0,1,0,1,0,0,1,0,0,0,0,0,0,0,1,0,0,1,0,0,0
1,1,0,0,0,356500,NA,NA,360,0,0,0,NA,0,1,1,4920,577,1,0,NA,1,1,35,1,0,0,1,0,0,0,0,0,1,1,0,0,1,0,0,0,0,0,1,0,0,0,0,0,0,1,0
1,0,0,0,0,576500,NA,NA,360,0,0,0,NA,0,1,1,5160,542,1,0,NA,1,1,48,1,0,0,0,0,1,0,0,1,0,1,0,0,1,0,0,0,0,0,0,0,0,1,0,1,0,0,0
1,1,0,0,1,156500,NA,NA,360,0,0,0,NA,0,1,1,2760,742,1,1,NA,1,1,37,1,0,0,0,1,0,1,0,0,0,1,0,0,1,0,0,0,0,1,0,0,0,0,0,1,0,0,0
1,0,0,0,0,576500,NA,NA,360,0,0,1,NA,0,1,1,7560,753,1,0,NA,1,1,37,1,0,0,1,0,0,0,0,0,1,1,0,0,1,0,0,0,0,1,0,0,0,0,0,1,0,0,0
1,0,0,0,0,96500,NA,NA,360,0,0,0,NA,0,1,1,4860,597,1,1,NA,1,1,61,1,0,0,1,0,0,1,0,0,0,0,0,1,1,0,0,0,0,0,0,0,1,0,0,1,0,0,0
1,0,0,0,0,96500,NA,NA,180,0,0,0,NA,0,1,1,3000,606,1,1,NA,1,1,46,1,0,0,1,0,0,1,0,0,0,0,0,1,1,0,0,0,0,0,0,1,0,0,0,0,0,1,0
0,0,0,0,0,686500,NA,NA,360,0,0,0,NA,0,1,1,9420,762,1,0,NA,1,1,39,1,0,0,1,0,0,0,0,0,1,1,0,0,1,0,0,0,0,0,0,1,0,0,0,0,0,1,0
1,0,0,0,0,536500,NA,NA,360,1,0,0,NA,0,1,1,15600,517,1,0,NA,1,1,41,1,0,0,1,0,0,0,0,1,0,1,0,0,1,0,0,0,0,0,1,0,0,0,0,0,0,1,0
1,0,0,0,0,116500,NA,NA,360,0,1,0,NA,0,1,1,2820,509,1,1,NA,1,1,41,1,0,0,0,0,1,0,0,1,0,1,0,0,1,0,0,0,0,0,0,0,0,1,0,1,0,0,0
1,0,0,0,0,316500,NA,NA,360,0,0,0,NA,0,1,1,0,796,1,0,NA,1,1,47,1,0,0,0,0,1,0,0,0,1,1,0,0,1,0,0,0,0,1,0,0,0,0,0,1,0,0,0
1,0,0,0,1,136500,NA,NA,360,0,0,0,NA,0,1,1,2160,553,1,1,NA,1,1,37,1,0,0,0,1,0,0,0,1,0,1,0,0,1,0,0,0,0,0,0,1,0,0,0,1,0,0,0
1,0,0,0,0,266500,NA,NA,360,0,0,0,NA,0,1,1,5820,595,1,0,NA,1,1,34,1,0,0,1,0,0,0,0,1,0,1,0,0,1,0,0,0,0,0,0,0,1,0,0,1,0,0,0
1,0,1,0,0,496500,NA,NA,300,1,0,0,NA,0,1,1,4740,581,1,0,NA,1,1,41,1,0,0,1,0,0,0,0,0,1,1,0,0,1,0,0,0,0,0,0,0,1,0,0,1,0,0,0
1,0,0,0,0,606500,NA,NA,360,1,0,0,NA,0,1,1,11820,710,1,0,NA,1,1,37,1,0,0,1,0,0,0,0,0,1,0,1,0,1,0,0,0,0,0,0,0,1,0,0,1,0,0,0
1,0,0,0,0,626500,NA,NA,360,0,0,0,NA,0,1,1,12000,667,1,1,NA,1,1,34,1,0,0,1,0,0,0,1,0,0,0,1,0,1,0,0,0,0,0,0,0,1,0,0,1,0,0,0
1,0,0,0,0,696500,NA,NA,360,0,0,0,NA,0,1,1,6900,851,1,0,NA,1,1,43,1,0,0,1,0,0,1,0,0,0,1,0,0,1,0,0,0,0,0,0,0,1,0,0,1,0,0,0
1,0,1,0,1,116500,NA,NA,180,0,0,0,NA,0,1,1,1860,734,1,1,NA,1,1,34,1,0,0,0,1,0,0,0,0,1,1,0,0,1,0,0,0,0,0,1,0,0,0,0,0,0,1,0
0,0,0,0,0,786500,NA,NA,360,0,0,0,NA,0,1,1,7140,758,1,0,NA,1,1,40,1,0,0,0,0,1,0,0,1,0,1,0,0,1,0,0,0,0,0,0,0,0,1,0,0,1,0,0
1,0,0,0,0,506500,NA,NA,360,0,1,0,NA,0,1,1,6780,656,1,0,NA,1,1,49,1,0,0,1,0,0,0,0,0,1,0,1,0,1,0,0,0,0,0,0,1,0,0,0,0,0,1,0
0,0,0,0,0,156500,NA,NA,180,1,0,0,NA,0,1,1,6780,815,1,0,NA,1,1,30,1,0,0,1,0,0,1,0,0,0,1,0,0,1,0,0,0,0,0,0,0,1,0,0,1,0,0,0
1,0,1,0,0,396500,NA,NA,360,0,0,0,NA,0,1,1,5520,503,1,0,NA,1,1,42,1,0,0,1,0,0,1,0,0,0,1,0,0,1,0,0,0,0,1,0,0,0,0,0,0,0,1,0
1,0,0,0,0,216500,NA,NA,360,0,0,0,NA,0,1,1,14400,868,1,1,NA,1,1,49,1,0,0,1,0,0,0,1,0,0,1,0,0,1,0,0,0,0,0,0,0,1,0,0,1,0,0,0
0,0,0,0,0,206500,NA,NA,180,0,0,0,NA,0,1,1,3360,810,1,1,NA,1,1,21,1,0,0,1,0,0,0,0,1,0,1,0,0,1,0,0,0,0,0,0,1,0,0,0,0,0,1,0
1,0,0,0,0,476500,NA,NA,360,0,0,0,NA,0,1,1,5460,653,1,0,NA,1,1,40,1,0,0,1,0,0,1,0,0,0,1,0,0,1,0,0,0,0,0,0,0,1,0,0,1,0,0,0
1,0,0,0,0,556500,NA,NA,360,0,0,0,NA,0,1,1,9720,893,1,0,NA,1,1,41,1,0,0,1,0,0,1,0,0,0,1,0,0,1,0,0,0,0,0,1,0,0,0,0,1,0,0,0
1,0,0,0,0,186500,NA,NA,360,1,0,0,NA,0,1,1,6600,879,1,1,NA,1,1,45,1,0,0,1,0,0,0,0,1,0,1,0,0,1,0,0,0,0,0,0,1,0,0,0,1,0,0,0
1,0,0,0,0,476500,NA,NA,360,0,0,0,NA,0,1,1,6900,854,1,0,NA,1,1,36,1,0,0,1,0,0,0,0,0,1,1,0,0,1,0,0,0,0,0,0,0,1,0,0,0,0,0,1
1,0,0,0,0,476500,NA,NA,360,0,1,0,NA,0,1,1,5820,858,1,1,NA,1,1,21,1,0,0,1,0,0,0,0,0,1,1,0,0,1,0,0,0,0,0,0,0,1,0,0,0,1,0,0
1,0,0,0,0,266500,NA,NA,360,0,0,0,NA,0,1,1,4260,846,1,1,NA,1,1,21,1,0,0,1,0,0,0,0,0,1,1,0,0,1,0,0,0,0,1,0,0,0,0,0,1,0,0,0
1,1,0,0,0,306500,NA,NA,360,0,0,0,NA,0,1,1,6600,618,1,0,NA,1,1,52,1,0,0,1,0,0,1,0,0,0,1,0,0,1,0,0,0,0,1,0,0,0,0,0,0,0,1,0
0,0,0,0,0,236500,NA,NA,180,0,0,0,NA,0,1,1,5460,819,1,1,NA,1,1,41,1,0,0,1,0,0,0,0,1,0,1,0,0,1,0,0,0,0,0,0,0,1,0,0,1,0,0,0
1,0,0,0,0,456500,NA,NA,360,0,0,0,NA,0,1,1,5640,876,1,0,NA,1,1,46,1,0,0,1,0,0,0,0,0,1,1,0,0,1,0,0,0,0,0,1,0,0,0,0,0,0,1,0
1,1,0,0,0,916500,NA,NA,360,0,0,0,NA,0,1,2,16980,618,1,0,NA,1,1,51,1,0,0,1,0,0,1,0,0,0,0,1,0,1,0,0,0,0,0,1,0,0,0,0,1,0,0,0
1,0,0,0,0,186500,NA,NA,360,1,0,0,NA,0,1,1,3840,648,1,1,NA,1,1,45,1,0,0,1,0,0,0,0,1,0,1,0,0,1,0,0,0,0,0,0,1,0,0,0,1,0,0,0
1,0,0,0,1,506500,NA,NA,360,0,0,1,NA,0,1,1,0,844,1,0,NA,1,1,41,1,0,0,0,1,0,0,0,0,1,1,0,0,1,0,0,0,0,1,0,0,0,0,0,0,0,1,0
1,1,0,0,1,246500,NA,NA,360,0,0,0,NA,0,1,1,0,598,1,0,NA,1,1,52,1,0,0,0,1,0,0,0,0,1,1,0,0,1,0,0,0,0,1,0,0,0,0,0,1,0,0,0
1,1,0,0,0,466500,NA,NA,360,0,0,0,NA,0,1,1,5040,766,1,0,NA,1,1,47,1,0,0,1,0,0,1,0,0,0,0,0,1,1,0,0,0,0,1,0,0,0,0,0,0,0,1,0
1,0,0,0,0,136500,NA,NA,360,0,0,0,NA,0,1,1,5640,880,1,1,NA,1,1,39,1,0,0,1,0,0,0,0,1,0,1,0,0,1,0,0,0,0,0,0,0,0,1,0,1,0,0,0
1,0,0,0,0,576500,NA,NA,360,1,0,0,NA,0,1,1,12000,584,1,1,NA,1,1,35,1,0,0,1,0,0,1,0,0,0,1,0,0,1,0,0,0,0,0,1,0,0,0,0,1,0,0,0
1,0,1,0,0,256500,NA,NA,300,1,0,0,NA,0,1,1,4920,513,1,1,NA,1,1,20,1,0,0,1,0,0,0,0,0,1,1,0,0,1,0,0,0,0,0,0,1,0,0,0,1,0,0,0
1,0,0,0,0,226500,NA,NA,360,0,0,0,NA,0,1,1,7920,650,1,1,NA,1,1,38,1,0,0,1,0,0,1,0,0,0,0,1,0,1,0,0,0,0,0,0,1,0,0,0,1,0,0,0
1,0,1,0,0,536500,NA,NA,300,1,0,0,NA,0,1,1,7260,778,1,0,NA,1,1,45,1,0,0,1,0,0,1,0,0,0,1,0,0,1,0,0,0,0,0,1,0,0,0,0,0,1,0,0
0,0,0,0,0,596500,NA,NA,360,0,0,0,NA,0,1,1,10740,556,1,1,NA,1,1,59,1,0,0,1,0,0,0,0,1,0,1,0,0,1,0,0,0,0,0,0,0,1,0,0,0,0,1,0
1,0,0,0,0,146500,NA,NA,360,1,0,0,NA,0,1,1,4440,639,1,1,NA,1,1,54,1,0,0,1,0,0,1,0,0,0,0,0,1,1,0,0,0,0,0,1,0,0,0,0,1,0,0,0
1,0,0,0,0,406500,NA,NA,360,0,0,0,NA,0,1,1,0,725,1,1,NA,1,1,44,1,0,0,0,0,1,0,0,0,1,1,0,0,1,0,0,0,0,0,1,0,0,0,0,0,0,1,0
1,0,0,0,1,176500,NA,NA,360,0,0,0,NA,0,1,1,0,530,1,1,NA,1,1,48,1,0,0,0,1,0,0,0,0,1,1,0,0,1,0,0,0,0,0,1,0,0,0,0,0,0,1,0
0,0,0,0,0,726500,NA,NA,360,1,0,0,NA,0,1,1,0,557,1,0,NA,1,1,23,1,0,0,0,0,1,0,0,0,1,1,0,0,1,0,0,0,0,1,0,0,0,0,0,1,0,0,0
1,0,0,0,0,526500,NA,NA,360,0,0,0,NA,0,1,1,7620,574,1,0,NA,1,1,42,1,0,0,1,0,0,0,0,0,1,1,0,0,1,0,0,0,0,0,1,0,0,0,0,1,0,0,0
1,0,0,0,0,126500,NA,NA,96,0,0,0,NA,0,1,1,5580,666,1,1,NA,1,1,48,1,0,0,1,0,0,0,0,1,0,1,0,0,1,0,0,0,0,0,0,0,1,0,0,1,0,0,0
1,0,0,0,0,206500,NA,NA,180,0,0,1,NA,0,1,1,9180,807,1,1,NA,1,1,38,1,0,0,1,0,0,0,0,0,1,1,0,0,1,0,0,0,0,1,0,0,0,0,0,1,0,0,0
1,0,0,0,0,396500,NA,NA,360,0,0,0,NA,0,1,1,12060,725,1,0,NA,1,1,40,1,0,0,1,0,0,1,0,0,0,1,0,0,1,0,0,0,0,0,0,1,0,0,0,1,0,0,0
1,0,0,0,0,726500,NA,NA,360,0,0,0,NA,0,1,1,6300,556,1,1,NA,1,1,59,1,0,0,1,0,0,0,0,1,0,1,0,0,1,0,0,0,0,0,0,0,0,0,1,1,0,0,0
1,0,0,0,1,126500,NA,NA,360,0,1,0,NA,0,1,1,2280,555,1,1,NA,1,1,40,1,0,0,0,1,0,0,0,1,0,1,0,0,1,0,0,0,0,0,0,0,1,0,0,1,0,0,0
1,0,0,0,0,256500,NA,NA,360,0,0,1,NA,0,1,1,7500,662,1,1,NA,1,1,59,1,0,0,1,0,0,0,0,1,0,1,0,0,1,0,0,0,0,0,1,0,0,0,0,1,0,0,0
1,0,0,0,0,266500,NA,NA,360,0,0,0,NA,0,1,1,5880,552,1,1,NA,1,1,48,1,0,0,1,0,0,0,0,0,1,1,0,0,1,0,0,0,0,0,0,1,0,0,0,0,0,1,0
1,1,0,0,0,486500,NA,NA,360,0,0,0,NA,0,1,1,10200,755,1,0,NA,1,1,25,1,0,0,1,0,0,0,0,0,1,0,1,0,1,0,0,0,0,0,1,0,0,0,0,0,0,1,0
1,0,0,0,0,206500,NA,NA,360,1,0,0,NA,0,1,1,35340,581,1,0,NA,1,1,20,1,0,0,1,0,0,1,0,0,0,1,0,0,1,0,0,0,0,0,0,0,0,1,0,1,0,0,0
1,0,1,0,1,476500,NA,NA,360,0,0,0,NA,0,1,1,0,663,1,0,NA,1,1,21,1,0,0,0,1,0,0,0,0,1,1,0,0,1,0,0,0,0,0,1,0,0,0,0,1,0,0,0
0,0,0,0,0,116500,NA,NA,360,0,0,0,NA,0,1,1,2760,689,1,1,NA,1,1,41,1,0,0,1,0,0,0,0,1,0,1,0,0,1,0,0,0,0,0,0,0,0,1,0,0,0,1,0
1,0,0,0,0,486500,NA,NA,360,0,0,0,NA,0,1,1,10500,886,1,1,NA,1,1,54,1,0,0,1,0,0,0,0,1,0,1,0,0,1,0,0,0,0,0,0,1,0,0,0,1,0,0,0
1,1,0,0,0,176500,NA,NA,360,0,0,0,NA,0,1,1,5160,675,1,1,NA,1,1,45,1,0,0,1,0,0,1,0,0,0,1,0,0,1,0,0,0,0,0,0,0,1,0,0,1,0,0,0
1,0,0,0,0,306500,NA,NA,360,0,0,1,NA,0,1,1,2580,896,1,1,NA,1,1,20,1,0,0,0,0,1,0,0,0,1,1,0,0,1,0,0,0,0,0,0,0,0,0,1,0,1,0,0
1,0,0,0,0,176500,NA,NA,360,0,0,0,NA,0,1,1,5460,826,1,1,NA,1,1,32,1,0,0,0,0,1,0,0,1,0,1,0,0,1,0,0,0,0,0,0,0,0,0,1,1,0,0,0
1,0,0,0,0,176500,NA,NA,180,1,1,0,NA,0,1,1,4680,766,1,1,NA,1,1,43,1,0,0,1,0,0,0,0,1,0,1,0,0,1,0,0,0,0,0,0,1,0,0,0,0,0,1,0
1,0,0,0,0,486500,NA,NA,360,0,0,1,NA,0,1,1,4560,676,1,0,NA,1,1,43,1,0,0,1,0,0,1,0,0,0,1,0,0,1,0,0,0,0,1,0,0,0,0,0,1,0,0,0
1,0,0,0,1,456500,NA,NA,360,0,0,0,NA,0,1,1,0,561,1,1,NA,1,1,23,1,0,0,0,1,0,0,0,0,1,1,0,0,1,0,0,0,0,1,0,0,0,0,0,1,0,0,0
1,0,0,0,0,196500,NA,NA,360,0,0,0,NA,0,1,1,2520,619,1,1,NA,1,1,43,1,0,0,1,0,0,0,0,0,1,1,0,0,1,0,0,0,0,0,1,0,0,0,0,1,0,0,0
0,0,0,0,0,156500,NA,NA,360,1,0,0,NA,0,1,1,3300,613,1,1,NA,1,1,30,1,0,0,1,0,0,0,0,0,1,1,0,0,1,0,0,0,0,0,0,0,1,0,0,1,0,0,0
1,0,0,0,0,506500,NA,NA,360,0,0,0,NA,0,1,1,9060,536,1,1,NA,1,1,39,1,0,0,1,0,0,0,0,0,1,1,0,0,1,0,0,0,0,0,0,0,0,1,0,1,0,0,0
1,0,0,0,1,216500,NA,NA,360,1,0,0,NA,0,1,1,3540,637,1,1,NA,1,1,58,1,0,0,0,1,0,1,0,0,0,1,0,0,1,0,0,0,0,0,0,0,1,0,0,0,1,0,0
1,0,0,0,0,106500,NA,NA,360,0,0,0,NA,0,1,1,4020,615,1,0,NA,1,1,27,1,0,0,1,0,0,0,0,1,0,1,0,0,1,0,0,0,0,0,0,1,0,0,0,1,0,0,0
1,0,0,0,0,386500,NA,NA,360,1,0,0,NA,0,1,1,6600,697,1,0,NA,1,1,30,1,0,0,1,0,0,0,0,0,1,1,0,0,1,0,0,0,0,1,0,0,0,0,0,0,0,1,0
1,0,0,0,0,306500,NA,NA,360,0,0,0,NA,0,1,1,5040,857,1,1,NA,1,1,45,1,0,0,1,0,0,0,0,1,0,1,0,0,1,0,0,0,0,0,1,0,0,0,0,0,0,1,0
1,0,0,0,0,316500,NA,NA,360,1,0,0,NA,0,1,2,8760,554,1,0,NA,1,1,38,1,0,0,1,0,0,1,0,0,0,1,0,0,1,0,0,0,0,0,0,0,1,0,0,1,0,0,0
0,0,0,0,0,126500,NA,NA,360,1,0,0,NA,0,1,1,5280,608,1,1,NA,1,1,37,1,0,0,1,0,0,0,0,1,0,1,0,0,1,0,0,0,0,1,0,0,0,0,0,1,0,0,0
1,0,1,0,0,186500,NA,NA,336,1,0,0,NA,0,1,1,3720,674,1,1,NA,1,1,46,1,0,0,1,0,0,0,0,0,1,1,0,0,1,0,0,0,0,0,0,0,1,0,0,1,0,0,0
1,0,0,0,1,306500,NA,NA,360,0,0,0,NA,0,1,1,0,580,1,1,NA,1,1,41,1,0,0,0,1,0,0,0,0,1,1,0,0,1,0,0,0,0,0,0,1,0,0,0,1,0,0,0
0,1,0,0,0,56500,NA,NA,360,0,0,0,NA,0,1,1,3180,514,1,1,NA,1,1,29,1,0,0,1,0,0,1,0,0,0,1,0,0,1,0,0,0,0,1,0,0,0,0,0,0,0,1,0
1,0,0,0,0,386500,NA,NA,360,0,0,0,NA,0,1,1,4680,803,1,0,NA,1,1,34,1,0,0,1,0,0,0,0,1,0,1,0,0,1,0,0,0,0,0,0,0,0,0,1,0,0,1,0
1,0,1,0,0,206500,NA,NA,300,1,0,0,NA,0,1,1,3180,672,1,1,NA,1,1,39,1,0,0,1,0,0,1,0,0,0,1,0,0,1,0,0,0,0,0,0,1,0,0,0,1,0,0,0
1,0,0,0,0,266500,NA,NA,360,0,0,1,NA,0,1,1,2220,637,1,0,NA,1,1,55,1,0,0,0,0,1,1,0,0,0,1,0,0,1,0,0,0,0,0,0,1,0,0,0,1,0,0,0
1,0,0,0,0,206500,NA,NA,360,0,0,0,NA,0,1,1,3900,592,1,1,NA,1,1,33,1,0,0,1,0,0,1,0,0,0,1,0,0,1,0,0,0,0,0,0,1,0,0,0,0,1,0,0
1,0,0,0,0,446500,NA,NA,360,0,0,1,NA,0,1,1,10260,585,1,0,NA,1,1,31,1,0,0,1,0,0,1,0,0,0,1,0,0,1,0,0,0,0,0,0,0,0,1,0,1,0,0,0
0,1,0,0,0,326500,NA,NA,360,0,0,0,NA,0,1,1,6300,643,1,1,NA,1,1,49,1,0,0,1,0,0,0,0,1,0,1,0,0,1,0,0,0,0,0,0,0,1,0,0,1,0,0,0
1,0,0,0,0,556500,NA,NA,360,0,0,0,NA,0,1,1,8040,608,1,0,NA,1,1,42,1,0,0,1,0,0,1,0,0,0,1,0,0,1,0,0,0,0,0,1,0,0,0,0,0,0,1,0
1,0,0,0,0,346500,NA,NA,360,0,0,0,NA,0,1,1,12300,746,1,0,NA,1,1,40,1,0,0,1,0,0,0,1,0,0,0,1,0,1,0,0,0,0,0,0,1,0,0,0,0,0,1,0
1,0,0,0,1,376500,NA,NA,360,0,0,0,NA,0,1,1,4140,549,1,1,NA,1,1,40,1,0,0,0,1,0,0,0,1,0,1,0,0,1,0,0,0,0,0,0,0,0,1,0,0,1,0,0
1,0,0,0,0,316500,NA,NA,360,0,0,0,NA,0,1,1,0,673,1,1,NA,1,1,43,1,0,0,0,0,1,0,0,0,1,1,0,0,1,0,0,0,0,0,0,0,1,0,0,1,0,0,0
1,0,0,0,0,236500,NA,NA,360,0,0,0,NA,0,1,1,19680,652,1,1,NA,1,1,36,1,0,0,1,0,0,1,0,0,0,0,0,1,1,0,0,0,0,0,0,0,1,0,0,1,0,0,0
1,0,0,0,0,316500,NA,NA,360,0,0,0,NA,0,1,1,4320,775,1,1,NA,1,1,37,1,0,0,1,0,0,1,0,0,0,1,0,0,1,0,0,0,0,1,0,0,0,0,0,1,0,0,0
1,0,0,0,0,306500,NA,NA,360,0,1,0,NA,0,1,1,5760,871,1,1,NA,1,1,45,1,0,0,1,0,0,0,0,0,1,1,0,0,1,0,0,0,0,0,1,0,0,0,0,0,0,1,0
1,0,0,0,1,286500,NA,NA,360,1,0,0,NA,0,1,1,7560,508,1,1,NA,1,1,33,1,0,0,0,1,0,0,0,1,0,1,0,0,1,0,0,0,0,0,0,0,0,1,0,0,1,0,0
1,0,0,0,1,256500,NA,NA,360,0,0,0,NA,0,1,1,0,765,1,0,NA,1,1,28,1,0,0,0,1,0,1,0,0,0,1,0,0,1,0,0,0,0,1,0,0,0,0,0,1,0,0,0
1,0,0,0,0,116500,NA,NA,360,0,0,0,NA,0,1,1,4500,819,1,1,NA,1,1,26,1,0,0,1,0,0,0,0,0,1,0,1,0,1,0,0,0,0,0,1,0,0,0,0,0,1,0,0
1,0,0,0,0,296500,NA,NA,360,0,0,0,NA,0,1,1,5400,576,1,0,NA,1,1,33,1,0,0,1,0,0,0,0,1,0,1,0,0,1,0,0,0,0,0,0,0,0,0,1,1,0,0,0
1,0,0,0,0,146500,NA,NA,360,1,0,0,NA,0,1,1,2460,637,1,1,NA,1,1,22,1,0,0,0,0,1,1,0,0,0,1,0,0,1,0,0,0,1,0,0,0,0,0,0,0,0,1,0
1,1,0,0,0,466500,NA,NA,180,0,0,0,NA,0,1,1,9540,753,1,1,NA,1,1,43,1,0,0,1,0,0,0,0,0,1,1,0,0,1,0,0,0,0,0,0,0,1,0,0,1,0,0,0
1,0,0,0,0,236500,NA,NA,360,0,0,1,NA,0,1,1,3060,823,1,1,NA,1,1,28,1,0,0,0,0,1,0,0,0,1,1,0,0,1,0,0,0,0,0,0,0,0,1,0,0,1,0,0
0,1,0,0,0,846500,NA,NA,360,0,0,0,NA,0,1,1,13560,854,1,0,NA,1,1,34,1,0,0,1,0,0,0,0,1,0,1,0,0,1,0,0,0,0,0,0,1,0,0,0,1,0,0,0
1,0,0,0,0,156500,NA,NA,360,1,0,0,NA,0,1,1,3300,661,1,1,NA,1,1,49,1,0,0,0,0,1,1,0,0,0,1,0,0,1,0,0,0,0,1,0,0,0,0,0,1,0,0,0
1,0,0,0,0,76500,NA,NA,180,0,0,0,NA,0,1,1,1980,694,1,1,NA,1,1,42,1,0,0,1,0,0,0,1,0,0,1,0,0,1,0,0,0,0,0,0,0,0,1,0,1,0,0,0
1,1,0,0,0,266500,NA,NA,360,0,0,0,NA,0,1,1,4080,674,1,1,NA,1,1,33,1,0,0,0,0,1,0,0,1,0,1,0,0,1,0,0,0,0,0,0,0,1,0,0,1,0,0,0
1,0,0,0,0,226500,NA,NA,360,0,0,0,NA,0,1,1,5580,823,1,1,NA,1,1,48,1,0,0,1,0,0,1,0,0,0,1,0,0,1,0,0,0,0,0,1,0,0,0,0,1,0,0,0
1,0,0,0,0,146500,NA,NA,360,0,0,0,NA,0,1,1,2160,527,1,1,NA,1,1,42,1,0,0,1,0,0,0,0,1,0,0,1,0,1,0,0,0,0,0,0,0,0,0,1,1,0,0,0
0,0,0,0,0,776500,NA,NA,300,1,0,0,NA,0,1,1,23340,534,1,0,NA,1,1,39,1,0,0,1,0,0,0,0,0,1,1,0,0,1,0,0,0,0,0,0,0,1,0,0,1,0,0,0
0,0,0,0,0,1006500,NA,NA,360,0,0,0,NA,0,1,1,17400,745,1,1,NA,1,1,43,1,0,0,1,0,0,1,0,0,0,1,0,0,1,0,0,0,0,0,1,0,0,0,0,0,1,0,0
1,0,1,0,1,216500,NA,NA,240,1,0,0,NA,0,1,1,8340,581,1,1,NA,1,1,37,1,0,0,0,1,0,0,0,0,1,1,0,0,1,0,0,0,0,0,1,0,0,0,0,0,1,0,0
1,0,0,0,1,226500,NA,NA,360,0,0,0,NA,0,1,1,3240,838,1,0,NA,1,1,60,1,0,0,0,1,0,0,0,0,1,1,0,0,1,0,0,0,1,0,0,0,0,0,0,0,0,1,0
1,0,0,0,0,106500,NA,NA,360,0,0,0,NA,0,1,1,4620,672,1,1,NA,1,1,40,1,0,0,1,0,0,1,0,0,0,0,1,0,1,0,0,0,0,0,0,1,0,0,0,1,0,0,0
1,0,1,0,0,426500,NA,NA,300,1,0,0,NA,0,1,1,5820,718,1,1,NA,1,1,41,1,0,0,1,0,0,1,0,0,0,1,0,0,1,0,0,0,0,0,0,0,0,1,0,1,0,0,0
0,1,0,0,0,136500,NA,NA,360,0,0,0,NA,0,1,1,2040,586,1,1,NA,1,1,24,1,0,0,0,0,1,0,0,0,1,1,0,0,1,0,0,0,0,0,0,0,0,0,1,1,0,0,0
1,0,0,0,0,266500,NA,NA,360,0,0,0,NA,0,1,1,2820,716,1,0,NA,1,1,45,1,0,0,1,0,0,1,0,0,0,1,0,0,1,0,0,0,1,0,0,0,0,0,0,1,0,0,0
1,0,0,0,0,86500,NA,NA,240,0,0,0,NA,0,1,1,2160,701,1,0,NA,1,1,18,1,0,0,1,0,0,0,0,0,1,1,0,0,1,0,0,0,0,0,0,1,0,0,0,0,1,0,0
1,0,0,0,0,426500,NA,NA,360,0,0,1,NA,0,1,1,5880,657,1,0,NA,1,1,38,1,0,0,1,0,0,0,0,1,0,1,0,0,1,0,0,0,0,0,0,1,0,0,0,0,0,1,0
1,0,0,0,0,426500,NA,NA,360,0,0,0,NA,0,1,1,9780,636,1,0,NA,1,1,48,1,0,0,1,0,0,0,0,0,1,0,1,0,1,0,0,0,0,0,1,0,0,0,0,0,0,1,0
0,1,0,0,1,306500,NA,NA,360,0,0,0,NA,0,1,1,3960,691,1,1,NA,1,1,41,1,0,0,0,1,0,1,0,0,0,1,0,0,1,0,0,0,0,0,0,0,1,0,0,1,0,0,0
1,0,0,0,0,96500,NA,NA,240,0,0,0,NA,0,1,1,2280,624,1,1,NA,1,1,20,1,0,0,1,0,0,0,0,1,0,1,0,0,1,0,0,0,0,0,0,1,0,0,0,1,0,0,0
1,0,1,0,0,266500,NA,NA,300,1,0,0,NA,0,1,1,4620,832,1,1,NA,1,1,45,1,0,0,0,0,1,0,0,1,0,1,0,0,1,0,0,0,0,0,0,0,0,1,0,1,0,0,0
1,0,0,0,0,446500,NA,NA,360,0,0,0,NA,0,1,1,0,859,1,0,NA,1,1,28,1,0,0,0,0,1,0,0,0,1,1,0,0,1,0,0,0,0,0,0,1,0,0,0,1,0,0,0
0,0,0,0,0,876500,NA,NA,360,0,0,0,NA,0,1,1,11940,522,1,0,NA,1,1,35,1,0,0,1,0,0,1,0,0,0,1,0,0,1,0,0,0,0,0,0,0,1,0,0,1,0,0,0
1,0,0,0,0,686500,NA,NA,360,0,0,0,NA,0,1,1,6480,727,1,1,NA,1,1,27,1,0,0,1,0,0,0,0,1,0,1,0,0,1,0,0,0,0,0,0,1,0,0,0,1,0,0,0
1,0,0,0,0,186500,NA,NA,180,1,0,0,NA,0,1,1,5940,581,1,1,NA,1,1,33,1,0,0,1,0,0,0,0,0,1,1,0,0,1,0,0,0,0,0,0,1,0,0,0,0,1,0,0
1,0,0,0,1,356500,NA,NA,360,0,0,0,NA,0,1,1,4260,864,1,1,NA,1,1,36,1,0,0,0,1,0,0,0,0,1,1,0,0,1,0,0,0,0,0,0,0,0,0,1,1,0,0,0
1,0,0,0,1,586500,NA,NA,360,0,0,0,NA,0,1,1,8640,878,1,0,NA,1,1,47,1,0,0,0,1,0,0,0,1,0,1,0,0,1,0,0,0,0,0,0,1,0,0,0,0,1,0,0
0,0,0,0,0,956500,NA,NA,360,0,0,0,NA,0,1,1,23460,746,1,1,NA,1,1,40,1,0,0,1,0,0,0,0,0,1,1,0,0,1,0,0,0,0,0,0,1,0,0,0,0,0,1,0
1,0,0,0,0,566500,NA,NA,360,0,0,0,NA,0,1,1,10080,834,1,1,NA,1,1,36,1,0,0,1,0,0,0,0,0,1,1,0,0,1,0,0,0,0,0,1,0,0,0,0,1,0,0,0
1,1,0,0,0,226500,NA,NA,360,0,0,0,NA,0,1,1,2520,715,1,1,NA,1,1,32,1,0,0,1,0,0,0,0,1,0,1,0,0,1,0,0,0,0,1,0,0,0,0,0,0,1,0,0
1,0,0,0,0,476500,NA,NA,360,0,0,0,NA,0,1,1,8640,500,1,0,NA,1,1,32,1,0,0,1,0,0,0,0,1,0,1,0,0,1,0,0,0,0,0,0,0,1,0,0,0,0,0,1
1,0,1,0,0,176500,NA,NA,300,1,1,0,NA,0,1,1,4500,573,1,1,NA,1,1,42,1,0,0,1,0,0,0,0,1,0,1,0,0,1,0,0,0,0,0,1,0,0,0,0,0,0,1,0
0,0,0,0,0,176500,NA,NA,360,0,0,0,NA,0,1,1,3120,502,1,1,NA,1,1,46,1,0,0,1,0,0,1,0,0,0,1,0,0,1,0,0,0,0,0,0,0,0,1,0,1,0,0,0
1,0,0,0,0,106500,NA,NA,180,0,0,0,NA,0,1,1,3480,592,1,1,NA,1,1,26,1,0,0,1,0,0,0,1,0,0,1,0,0,1,0,0,0,0,0,0,0,1,0,0,1,0,0,0
1,0,0,0,0,346500,NA,NA,180,0,0,0,NA,0,1,1,10440,804,1,0,NA,1,1,31,1,0,0,1,0,0,0,0,0,1,1,0,0,1,0,0,0,0,1,0,0,0,0,0,1,0,0,0
1,1,0,0,0,366500,NA,NA,360,0,0,0,NA,0,1,1,5580,560,1,1,NA,1,1,30,1,0,0,1,0,0,1,0,0,0,1,0,0,1,0,0,0,0,0,0,1,0,0,0,1,0,0,0
1,0,0,0,0,126500,NA,NA,360,0,0,0,NA,0,1,1,2340,511,1,0,NA,1,1,24,1,0,0,1,0,0,0,0,1,0,0,1,0,1,0,0,0,0,1,0,0,0,0,0,1,0,0,0
1,1,0,0,0,426500,NA,NA,360,0,0,0,NA,0,1,1,4560,561,1,1,NA,1,1,36,1,0,0,0,0,1,0,0,1,0,1,0,0,1,0,0,0,0,0,0,0,0,0,1,0,1,0,0
1,0,1,0,0,396500,NA,NA,180,1,1,0,NA,0,1,1,7560,644,1,0,NA,1,1,31,1,0,0,1,0,0,0,0,1,0,1,0,0,1,0,0,0,0,0,0,0,1,0,0,1,0,0,0
1,0,1,0,0,406500,NA,NA,300,1,1,0,NA,0,1,1,6120,888,1,1,NA,1,1,30,1,0,0,1,0,0,0,0,0,1,1,0,0,1,0,0,0,0,0,1,0,0,0,0,1,0,0,0
1,0,0,0,0,266500,NA,NA,180,0,0,0,NA,0,1,1,8400,848,1,1,NA,1,1,37,1,0,0,1,0,0,0,0,1,0,1,0,0,1,0,0,0,0,0,0,0,1,0,0,1,0,0,0
1,0,1,0,0,486500,NA,NA,360,0,0,0,NA,0,1,1,9420,500,1,1,NA,1,1,36,1,0,0,1,0,0,0,0,1,0,1,0,0,1,0,0,0,0,0,1,0,0,0,0,1,0,0,0
0,0,0,0,0,736500,NA,NA,360,0,0,0,NA,0,1,1,29580,752,1,0,NA,1,1,41,1,0,0,1,0,0,1,0,0,0,1,0,0,1,0,0,0,0,0,0,1,0,0,0,0,1,0,0
1,0,0,0,0,246500,NA,NA,360,1,0,0,NA,0,1,1,11700,550,1,1,NA,1,1,33,1,0,0,1,0,0,1,0,0,0,1,0,0,1,0,0,0,0,0,0,0,1,0,0,1,0,0,0
1,0,0,0,0,306500,NA,NA,240,0,0,1,NA,0,1,1,5460,737,1,1,NA,1,1,38,1,0,0,1,0,0,0,0,0,1,1,0,0,1,0,0,0,0,0,0,0,1,0,0,1,0,0,0
1,0,0,0,0,366500,NA,NA,360,0,1,0,NA,0,1,1,11700,760,1,0,NA,1,1,46,1,0,0,1,0,0,0,0,0,1,1,0,0,1,0,0,0,0,0,1,0,0,0,0,0,0,1,0
1,1,0,0,0,206500,NA,NA,180,0,0,0,NA,0,1,1,3840,609,1,1,NA,1,1,11,1,0,0,1,0,0,0,0,0,1,1,0,0,1,0,0,0,0,0,0,0,1,0,0,1,0,0,0
1,0,0,0,0,436500,NA,NA,360,0,0,0,NA,0,1,1,5340,556,1,0,NA,1,1,37,1,0,0,1,0,0,0,0,0,1,1,0,0,1,0,0,0,0,1,0,0,0,0,0,1,0,0,0
1,0,0,0,1,216500,NA,NA,360,0,0,0,NA,0,1,1,6000,639,1,1,NA,1,1,24,1,0,0,0,1,0,1,0,0,0,1,0,0,1,0,0,0,0,0,0,1,0,0,0,1,0,0,0
1,1,0,0,0,316500,NA,NA,360,0,0,0,NA,0,1,1,7020,743,1,1,NA,1,1,30,1,0,0,1,0,0,0,0,0,1,1,0,0,1,0,0,0,0,0,0,0,1,0,0,1,0,0,0
1,0,0,0,0,76500,NA,NA,180,1,0,0,NA,0,1,1,2040,733,1,1,NA,1,1,31,1,0,0,1,0,0,0,0,0,1,1,0,0,1,0,0,0,0,0,0,0,0,0,1,1,0,0,0
1,0,0,0,0,486500,NA,NA,360,0,0,1,NA,0,1,1,6120,758,1,0,NA,1,1,28,1,0,0,1,0,0,0,0,1,0,1,0,0,1,0,0,0,0,0,1,0,0,0,0,1,0,0,0
1,0,0,0,0,306500,NA,NA,360,0,0,1,NA,0,1,1,5580,847,1,0,NA,1,1,37,1,0,0,1,0,0,1,0,0,0,1,0,0,1,0,0,0,0,1,0,0,0,0,0,1,0,0,0
1,0,0,0,1,296500,NA,NA,360,0,0,0,NA,0,1,1,0,580,1,0,NA,1,1,23,1,0,0,0,1,0,0,0,0,1,1,0,0,1,0,0,0,0,0,1,0,0,0,0,1,0,0,0
1,0,0,0,0,526500,NA,NA,360,0,0,0,NA,0,1,1,5220,776,1,0,NA,1,1,13,1,0,0,1,0,0,0,0,1,0,1,0,0,1,0,0,0,0,0,0,1,0,0,0,0,0,1,0
1,0,0,0,0,116500,NA,NA,144,0,0,0,NA,0,1,1,4560,880,1,1,NA,1,1,38,1,0,0,1,0,0,0,0,0,1,1,0,0,1,0,0,0,0,0,0,0,1,0,0,0,0,1,0
1,0,0,0,0,306500,NA,NA,360,0,0,0,NA,0,1,1,5460,833,1,1,NA,1,1,22,1,0,0,1,0,0,0,0,0,1,1,0,0,1,0,0,0,0,0,0,1,0,0,0,0,0,1,0
1,0,0,0,0,256500,NA,NA,360,0,0,0,NA,0,1,1,3300,552,1,1,NA,1,1,40,1,0,0,0,0,1,0,0,1,0,1,0,0,1,0,0,0,0,0,0,0,0,0,1,1,0,0,0
1,1,0,0,0,446500,NA,NA,360,0,0,0,NA,0,1,1,18240,707,1,0,NA,1,1,6,1,0,0,1,0,0,0,0,0,1,0,1,0,1,0,0,0,0,0,0,0,0,1,0,0,0,1,0
1,0,0,0,0,166500,NA,NA,360,0,0,0,NA,0,1,1,2340,755,1,1,NA,1,1,29,1,0,0,0,0,1,0,0,1,0,1,0,0,1,0,0,0,0,0,0,0,0,1,0,0,0,1,0
1,1,0,0,0,516500,NA,NA,360,0,0,0,NA,0,1,1,7140,840,1,0,NA,1,1,45,1,0,0,0,0,1,1,0,0,0,1,0,0,1,0,0,0,0,0,0,1,0,0,0,0,0,1,0
0,1,0,0,0,206500,NA,NA,180,0,0,0,NA,0,1,1,5340,669,1,1,NA,1,1,30,1,0,0,1,0,0,1,0,0,0,1,0,0,1,0,0,0,0,0,1,0,0,0,0,1,0,0,0
1,0,0,0,0,236500,NA,NA,360,0,0,0,NA,0,1,1,3420,686,1,1,NA,1,1,45,1,0,0,0,0,1,0,0,0,1,1,0,0,1,0,0,0,0,0,0,0,0,1,0,1,0,0,0
1,0,0,0,0,286500,NA,NA,360,0,0,0,NA,0,1,1,3660,833,1,0,NA,1,1,43,1,0,0,1,0,0,0,0,0,1,1,0,0,1,0,0,0,0,0,0,0,0,1,0,1,0,0,0
1,1,0,0,1,306500,NA,NA,360,0,0,0,NA,0,1,1,5220,543,1,1,NA,1,1,36,1,0,0,0,1,0,0,0,1,0,1,0,0,1,0,0,0,0,1,0,0,0,0,0,0,0,1,0
1,0,0,0,1,306500,NA,NA,360,1,0,0,NA,0,1,1,7200,508,1,1,NA,1,1,37,1,0,0,0,1,0,1,0,0,0,1,0,0,1,0,0,0,0,0,1,0,0,0,0,1,0,0,0
1,0,0,0,0,316500,NA,NA,360,0,0,1,NA,0,1,1,3720,642,1,1,NA,1,1,39,1,0,0,1,0,0,0,0,1,0,1,0,0,1,0,0,0,0,0,0,1,0,0,0,0,0,1,0
1,0,0,0,0,326500,NA,NA,180,0,0,0,NA,0,1,1,5700,704,1,0,NA,1,1,33,1,0,0,1,0,0,0,0,0,1,1,0,0,1,0,0,0,0,0,1,0,0,0,0,0,0,1,0
1,0,0,0,0,186500,NA,NA,180,0,0,0,NA,0,1,1,0,706,1,1,NA,1,1,29,1,0,0,1,0,0,0,0,1,0,1,0,0,1,0,0,0,0,0,0,0,0,0,1,1,0,0,0
1,1,0,0,0,116500,NA,NA,360,0,0,0,NA,0,1,1,2520,667,1,1,NA,1,1,30,1,0,0,0,0,1,1,0,0,0,1,0,0,1,0,0,0,1,0,0,0,0,0,0,1,0,0,0
1,0,0,0,0,356500,NA,NA,360,0,0,0,NA,0,1,1,5820,734,1,0,NA,1,1,22,1,0,0,0,0,1,0,0,1,0,1,0,0,1,0,0,0,0,0,1,0,0,0,0,0,0,1,0
1,0,0,0,0,226500,NA,NA,360,0,0,1,NA,0,1,1,4620,668,1,1,NA,1,1,12,1,0,0,1,0,0,0,0,0,1,1,0,0,1,0,0,0,0,0,0,1,0,0,0,1,0,0,0
1,0,0,0,0,366500,NA,NA,360,1,0,0,NA,0,1,1,6240,667,1,1,NA,1,1,47,1,0,0,1,0,0,1,0,0,0,1,0,0,1,0,0,0,0,0,1,0,0,0,0,1,0,0,0
1,0,0,0,0,296500,NA,NA,360,0,0,0,NA,0,1,1,7500,796,1,0,NA,1,1,39,1,0,0,1,0,0,0,0,1,0,1,0,0,1,0,0,0,0,0,1,0,0,0,0,1,0,0,0
1,0,0,0,0,176500,NA,NA,180,0,0,0,NA,0,1,1,4320,771,1,1,NA,1,1,27,1,0,0,1,0,0,1,0,0,0,1,0,0,1,0,0,0,0,1,0,0,0,0,0,1,0,0,0
1,0,0,0,0,196500,NA,NA,360,0,0,1,NA,0,1,1,3540,657,1,1,NA,1,1,24,1,0,0,1,0,0,0,0,0,1,1,0,0,1,0,0,0,0,0,0,0,0,0,1,1,0,0,0
0,0,0,0,0,1276500,NA,NA,180,0,0,0,NA,0,1,1,23100,776,1,1,NA,1,1,48,1,0,0,1,0,0,1,0,0,0,1,0,0,1,0,0,0,0,0,0,0,0,0,1,1,0,0,0
1,0,0,0,0,156500,NA,NA,360,1,0,0,NA,0,1,1,12420,579,1,1,NA,1,1,36,1,0,0,1,0,0,1,0,0,0,0,0,1,1,0,0,0,0,0,0,1,0,0,0,1,0,0,0
1,0,0,0,0,106500,NA,NA,360,0,0,0,NA,0,1,1,1860,599,1,1,NA,1,1,27,1,0,0,0,0,1,0,0,1,0,1,0,0,1,0,0,0,0,0,0,0,0,1,0,0,1,0,0
1,0,0,0,1,546500,NA,NA,360,0,0,1,NA,0,1,1,7620,789,1,0,NA,1,1,33,1,0,0,0,1,0,1,0,0,0,1,0,0,1,0,0,0,1,0,0,0,0,0,0,1,0,0,0
1,0,0,0,0,266500,NA,NA,360,0,0,0,NA,0,1,1,8280,787,1,0,NA,1,1,51,1,0,0,1,0,0,1,0,0,0,0,0,1,1,0,0,0,0,0,0,1,0,0,0,0,0,1,0
1,0,0,0,0,216500,NA,NA,360,0,0,0,NA,0,1,1,3000,668,1,0,NA,1,1,20,1,0,0,1,0,0,1,0,0,0,1,0,0,1,0,0,0,0,1,0,0,0,0,0,1,0,0,0
1,1,0,0,0,396500,NA,NA,360,0,0,0,NA,0,1,2,3780,605,1,0,NA,1,1,48,1,0,0,1,0,0,1,0,0,0,1,0,0,1,0,0,0,0,1,0,0,0,0,0,1,0,0,0
1,0,0,0,0,466500,NA,NA,360,0,0,0,NA,0,1,1,6780,874,1,0,NA,1,1,37,1,0,0,1,0,0,0,0,0,1,1,0,0,1,0,0,0,0,0,0,0,1,0,0,0,0,1,0
1,0,0,0,1,286500,NA,NA,360,0,0,0,NA,0,1,1,5580,637,1,1,NA,1,1,56,1,0,0,0,1,0,0,0,0,1,1,0,0,1,0,0,0,0,0,0,1,0,0,0,1,0,0,0
1,0,0,0,0,156500,NA,NA,360,0,0,0,NA,0,1,1,2580,630,1,1,NA,1,1,45,1,0,0,1,0,0,1,0,0,0,1,0,0,1,0,0,0,0,0,0,0,0,0,1,1,0,0,0
1,0,0,0,0,196500,NA,NA,360,0,0,0,NA,0,1,1,7140,825,1,1,NA,1,1,44,1,0,0,0,0,1,1,0,0,0,1,0,0,1,0,0,0,0,0,0,1,0,0,0,1,0,0,0
1,0,0,0,0,136500,NA,NA,180,0,0,0,NA,0,1,1,2280,656,1,1,NA,1,1,42,1,0,0,1,0,0,0,0,0,1,1,0,0,1,0,0,0,1,0,0,0,0,0,0,1,0,0,0
1,0,0,0,0,126500,NA,NA,360,0,0,1,NA,0,1,1,5700,726,1,0,NA,1,1,49,1,0,0,1,0,0,1,0,0,0,0,1,0,1,0,0,0,0,1,0,0,0,0,0,1,0,0,0
1,0,0,0,0,396500,NA,NA,360,1,0,0,NA,0,1,1,5520,552,1,0,NA,1,1,44,1,0,0,1,0,0,1,0,0,0,1,0,0,1,0,0,0,0,0,0,1,0,0,0,1,0,0,0
0,0,0,0,0,846500,NA,NA,360,0,0,0,NA,0,1,1,34260,571,1,0,NA,1,1,47,1,0,0,1,0,0,0,0,0,0,1,0,0,1,0,0,0,0,0,1,0,0,0,0,1,0,0,0
1,0,0,0,0,136500,NA,NA,240,0,0,0,NA,0,1,1,3900,664,1,1,NA,1,1,26,1,0,0,1,0,0,0,0,1,0,1,0,0,1,0,0,0,0,0,1,0,0,0,0,1,0,0,0
1,0,0,0,0,486500,NA,NA,360,0,0,0,NA,0,1,1,5520,737,1,1,NA,1,1,38,1,0,0,0,0,1,0,0,1,0,1,0,0,1,0,0,0,0,0,0,0,0,1,0,1,0,0,0
1,0,0,0,0,276500,NA,NA,360,0,0,0,NA,0,1,1,4800,632,1,1,NA,1,1,48,1,0,0,1,0,0,0,0,0,1,1,0,0,1,0,0,0,0,0,0,1,0,0,0,0,0,1,0
1,0,1,0,0,476500,NA,NA,300,1,0,0,NA,0,1,1,5760,804,1,0,NA,1,1,32,1,0,0,0,0,1,0,0,0,1,1,0,0,1,0,0,0,0,1,0,0,0,0,0,0,0,1,0
1,0,0,0,0,276500,NA,NA,360,0,0,0,NA,0,1,1,0,833,1,1,NA,1,1,61,1,0,0,1,0,0,0,0,0,1,1,0,0,1,0,0,0,0,0,1,0,0,0,0,1,0,0,0
1,0,0,0,0,336500,NA,NA,300,0,0,0,NA,0,1,4,4020,568,1,1,NA,1,1,22,1,0,0,1,0,0,0,0,1,0,1,0,0,1,0,0,0,0,0,0,0,1,0,0,1,0,0,0
1,1,0,0,1,366500,NA,NA,360,0,0,0,NA,0,1,1,6480,671,1,1,NA,1,1,44,1,0,0,0,1,0,0,0,0,1,1,0,0,1,0,0,0,0,0,0,1,0,0,0,0,0,1,0
1,0,0,0,1,176500,NA,NA,360,0,0,0,NA,0,1,1,2340,897,1,1,NA,1,1,21,1,0,0,0,1,0,0,0,1,0,1,0,0,1,0,0,0,0,0,0,0,0,1,0,1,0,0,0
1,0,0,0,0,236500,NA,NA,360,0,0,0,NA,0,1,1,5520,564,1,1,NA,1,1,24,1,0,0,1,0,0,0,0,1,0,0,1,0,1,0,0,0,0,0,0,0,1,0,0,0,1,0,0
1,0,0,0,0,86500,NA,NA,240,0,0,1,NA,0,1,1,1320,570,1,1,NA,1,1,49,1,0,0,1,0,0,0,0,0,1,1,0,0,1,0,0,0,0,0,0,0,0,0,1,1,0,0,0
0,1,0,0,0,86500,NA,NA,360,0,0,0,NA,0,1,1,2160,529,1,1,NA,1,1,41,1,0,0,1,0,0,0,0,0,1,1,0,0,1,0,0,0,0,0,0,0,1,0,0,1,0,0,0
1,1,0,0,0,256500,NA,NA,360,0,0,0,NA,0,1,1,5760,641,1,1,NA,1,1,28,1,0,0,1,0,0,0,0,0,1,1,0,0,1,0,0,0,0,1,0,0,0,0,0,1,0,0,0
1,0,0,0,0,376500,NA,NA,360,0,0,0,NA,0,1,1,3840,727,1,0,NA,1,1,30,1,0,0,0,0,1,1,0,0,0,1,0,0,1,0,0,0,0,0,0,1,0,0,0,1,0,0,0
0,0,0,0,0,446500,NA,NA,300,1,0,0,NA,0,1,1,5340,652,1,0,NA,1,1,40,1,0,0,1,0,0,0,0,0,1,1,0,0,1,0,0,0,0,0,0,0,0,1,0,0,0,1,0
1,0,1,0,0,426500,NA,NA,360,0,0,0,NA,0,1,1,5400,701,1,0,NA,1,1,7,1,0,0,1,0,0,0,0,0,1,1,0,0,1,0,0,0,0,0,1,0,0,0,0,1,0,0,0
1,0,1,0,1,216500,NA,NA,360,0,0,0,NA,0,1,1,0,550,1,1,NA,1,1,44,1,0,0,0,1,0,0,0,0,1,1,0,0,1,0,0,0,0,1,0,0,0,0,0,0,0,1,0
1,0,0,0,0,286500,NA,NA,360,0,0,0,NA,0,1,1,3360,597,1,0,NA,1,1,44,1,0,0,1,0,0,0,0,1,0,1,0,0,1,0,0,0,0,0,1,0,0,0,0,1,0,0,0
0,0,0,0,0,566500,NA,NA,324,1,0,0,NA,0,1,1,15240,721,1,1,NA,1,1,17,1,0,0,0,0,1,1,0,0,0,1,0,0,1,0,0,0,0,0,0,1,0,0,0,1,0,0,0
0,0,0,0,0,836500,NA,NA,360,0,0,0,NA,0,1,1,7500,889,1,1,NA,1,1,40,1,0,0,0,0,1,1,0,0,0,1,0,0,1,0,0,0,0,0,1,0,0,0,0,1,0,0,0
0,0,0,0,0,326500,NA,NA,360,1,0,0,NA,0,1,1,7140,656,1,1,NA,1,1,25,1,0,0,1,0,0,0,0,0,1,1,0,0,1,0,0,0,0,0,0,1,0,0,0,1,0,0,0
1,0,0,0,1,256500,NA,NA,240,0,0,0,NA,0,1,1,4800,679,1,1,NA,1,1,46,1,0,0,0,1,0,0,0,1,0,1,0,0,1,0,0,0,0,0,0,1,0,0,0,1,0,0,0
1,0,0,0,0,136500,NA,NA,360,0,0,1,NA,0,1,1,5040,640,1,1,NA,1,1,39,1,0,0,1,0,0,0,0,0,1,1,0,0,1,0,0,0,0,0,0,1,0,0,0,1,0,0,0
1,0,0,0,0,766500,NA,NA,360,1,0,0,NA,0,1,4,9240,548,1,1,NA,1,1,22,1,0,0,0,0,1,1,0,0,0,1,0,0,1,0,0,0,0,1,0,0,0,0,0,1,0,0,0
1,0,0,0,0,216500,NA,NA,120,0,0,0,NA,0,1,1,2640,643,1,1,NA,1,1,42,1,0,0,1,0,0,0,0,0,1,1,0,0,1,0,0,0,0,0,0,0,1,0,0,1,0,0,0
1,0,0,0,0,396500,NA,NA,360,1,0,0,NA,0,1,1,7440,797,1,1,NA,1,1,30,1,0,0,1,0,0,0,0,1,0,1,0,0,1,0,0,0,0,0,0,0,0,1,0,1,0,0,0
1,0,0,0,0,256500,NA,NA,180,0,0,0,NA,0,1,1,7680,806,1,1,NA,1,1,60,1,0,0,1,0,0,0,0,0,1,1,0,0,1,0,0,0,0,0,0,0,1,0,0,1,0,0,0
1,1,0,0,0,156500,NA,NA,360,0,0,0,NA,0,1,1,2040,682,1,1,NA,1,1,54,1,0,0,0,0,1,0,0,0,1,1,0,0,1,0,0,0,0,0,0,1,0,0,0,1,0,0,0
1,1,0,0,0,196500,NA,NA,180,0,0,0,NA,0,1,1,3300,852,1,1,NA,1,1,61,1,0,0,1,0,0,0,0,0,1,1,0,0,1,0,0,0,0,0,1,0,0,0,0,1,0,0,0
0,0,0,0,0,526500,NA,NA,360,0,0,1,NA,0,1,1,26880,583,1,1,NA,1,1,37,1,0,0,1,0,0,1,0,0,0,0,0,1,1,0,0,0,0,0,0,0,1,0,0,1,0,0,0
1,0,0,0,0,176500,NA,NA,180,0,0,0,NA,0,1,1,4140,528,1,1,NA,1,1,37,1,0,0,1,0,0,0,0,0,1,1,0,0,1,0,0,0,0,0,0,0,0,1,0,0,1,0,0
1,0,0,0,0,486500,NA,NA,360,0,0,0,NA,0,1,1,7260,825,1,0,NA,1,1,60,1,0,0,1,0,0,1,0,0,0,1,0,0,1,0,0,0,0,0,0,1,0,0,0,1,0,0,0
1,0,0,0,1,486500,NA,NA,360,0,0,0,NA,0,1,1,0,880,1,1,NA,1,1,36,1,0,0,0,1,0,0,0,0,1,1,0,0,1,0,0,0,0,0,0,0,0,0,1,1,0,0,0
1,0,0,0,0,356500,NA,NA,360,0,0,0,NA,0,1,1,6180,512,1,1,NA,1,1,44,1,0,0,0,0,1,0,0,1,0,1,0,0,1,0,0,0,0,0,0,0,0,1,0,1,0,0,0
1,0,0,0,0,386500,NA,NA,180,0,0,0,NA,0,1,1,13140,796,1,1,NA,1,1,37,1,0,0,1,0,0,1,0,0,0,0,0,1,1,0,0,0,0,0,0,0,1,0,0,1,0,0,0
1,1,0,0,0,146500,NA,NA,360,0,0,0,NA,0,1,1,5880,802,1,1,NA,1,1,38,1,0,0,1,0,0,0,0,1,0,1,0,0,1,0,0,0,0,0,0,0,1,0,0,1,0,0,0
0,0,0,0,0,126500,NA,NA,360,0,0,0,NA,0,1,1,2520,772,1,1,NA,1,1,28,1,0,0,0,0,1,0,0,1,0,1,0,0,1,0,0,0,0,0,0,1,0,0,0,1,0,0,0
1,1,0,0,0,266500,NA,NA,360,0,0,0,NA,0,1,1,3900,839,1,0,NA,1,1,37,1,0,0,1,0,0,1,0,0,0,1,0,0,1,0,0,0,0,1,0,0,0,0,0,1,0,0,0
1,0,0,0,0,436500,NA,NA,360,0,0,0,NA,0,1,1,5760,788,1,1,NA,1,1,49,1,0,0,0,0,1,0,0,0,1,1,0,0,1,0,0,0,0,0,1,0,0,0,0,1,0,0,0
1,0,1,0,0,286500,NA,NA,240,1,0,0,NA,0,1,1,6300,761,1,1,NA,1,1,45,1,0,0,1,0,0,0,0,0,1,1,0,0,1,0,0,0,0,0,0,0,1,0,0,1,0,0,0
1,0,0,0,1,66500,NA,NA,180,0,0,0,NA,0,1,1,2220,602,1,1,NA,1,1,48,1,0,0,0,1,0,0,0,1,0,1,0,0,1,0,0,0,0,0,0,0,0,0,1,1,0,0,0
1,0,0,0,1,226500,NA,NA,360,0,0,0,NA,0,1,1,6720,621,1,1,NA,1,1,38,1,0,0,0,1,0,0,0,0,1,1,0,0,1,0,0,0,0,0,1,0,0,0,0,0,0,1,0
1,0,0,0,0,696500,NA,NA,360,0,0,0,NA,0,1,1,11460,877,1,1,NA,1,1,58,1,0,0,1,0,0,0,0,0,1,1,0,0,1,0,0,0,0,1,0,0,0,0,0,1,0,0,0
0,0,0,0,0,876500,NA,NA,360,0,0,0,NA,0,1,3,10620,852,1,0,NA,1,1,41,1,0,0,1,0,0,0,0,0,1,1,0,0,1,0,0,0,0,1,0,0,0,0,0,1,0,0,0
1,0,1,0,0,486500,NA,NA,300,1,0,0,NA,0,1,1,12600,611,1,0,NA,1,1,21,1,0,0,1,0,0,1,0,0,0,1,0,0,1,0,0,0,0,0,1,0,0,0,0,1,0,0,0
0,1,0,0,0,56500,NA,NA,180,0,0,0,NA,0,1,1,5220,721,1,1,NA,1,1,42,1,0,0,1,0,0,1,0,0,0,0,0,1,1,0,0,0,0,0,0,0,1,0,0,1,0,0,0
1,0,1,0,0,366500,NA,NA,180,1,0,0,NA,0,1,1,9000,891,1,1,NA,1,1,17,1,0,0,1,0,0,0,0,0,1,1,0,0,1,0,0,0,0,0,1,0,0,0,0,1,0,0,0
1,0,0,0,0,346500,NA,NA,360,1,0,0,NA,0,1,1,7080,762,1,1,NA,1,1,61,1,0,0,1,0,0,1,0,0,0,1,0,0,1,0,0,0,0,0,1,0,0,0,0,1,0,0,0
0,0,0,0,1,206500,NA,NA,360,0,0,0,NA,0,1,1,3120,881,1,1,NA,1,1,29,1,0,0,0,1,0,1,0,0,0,1,0,0,1,0,0,0,0,0,0,0,1,0,0,1,0,0,0
1,0,1,0,0,556500,NA,NA,180,1,0,0,NA,0,1,1,12420,798,1,1,NA,1,1,51,1,0,0,1,0,0,0,0,0,1,1,0,0,1,0,0,0,0,0,0,0,1,0,0,1,0,0,0
1,0,0,0,0,126500,NA,NA,360,0,0,0,NA,0,1,1,1740,884,1,0,NA,1,1,56,1,0,0,1,0,0,0,0,1,0,1,0,0,1,0,0,0,0,0,0,0,0,1,0,1,0,0,0
0,0,0,0,0,966500,NA,NA,180,0,0,0,NA,0,1,1,52860,761,1,0,NA,1,1,9,1,0,0,1,0,0,0,0,0,1,1,0,0,1,0,0,0,0,0,0,0,0,1,0,1,0,0,0
1,0,0,0,0,616500,NA,NA,360,0,0,0,NA,0,1,1,14040,770,1,0,NA,1,1,40,1,0,0,1,0,0,0,0,0,1,1,0,0,1,0,0,0,0,0,1,0,0,0,0,0,0,1,0
1,0,0,0,0,256500,NA,NA,360,0,0,1,NA,0,1,1,4560,644,1,1,NA,1,1,41,1,0,0,1,0,0,0,0,0,1,1,0,0,1,0,0,0,0,0,0,0,0,1,0,0,0,1,0
1,0,0,0,0,276500,NA,NA,360,0,0,0,NA,0,1,1,4200,788,1,1,NA,1,1,28,1,0,0,1,0,0,1,0,0,0,1,0,0,1,0,0,0,0,0,1,0,0,0,0,1,0,0,0
1,0,0,0,1,146500,NA,NA,360,0,0,0,NA,0,1,1,3420,593,1,1,NA,1,1,7,1,0,0,0,1,0,0,0,1,0,1,0,0,1,0,0,0,0,0,0,1,0,0,0,1,0,0,0
0,0,0,0,0,716500,NA,NA,360,0,0,0,NA,0,1,1,13740,767,1,0,NA,1,1,37,1,0,0,1,0,0,1,0,0,0,0,1,0,1,0,0,0,0,1,0,0,0,0,0,1,0,0,0
1,0,0,0,0,176500,NA,NA,360,0,0,1,NA,0,1,1,1680,730,1,1,NA,1,1,45,1,0,0,1,0,0,1,0,0,0,1,0,0,1,0,0,0,1,0,0,0,0,0,0,0,0,1,0
0,0,0,0,0,146500,NA,NA,360,1,0,0,NA,0,1,1,2280,611,1,1,NA,1,1,37,1,0,0,1,0,0,1,0,0,0,1,0,0,1,0,0,0,0,1,0,0,0,0,0,0,0,1,0
1,0,0,0,0,446500,NA,NA,360,0,0,0,NA,0,1,1,6840,548,1,1,NA,1,1,38,1,0,0,0,0,1,0,0,1,0,1,0,0,1,0,0,0,0,0,0,1,0,0,0,0,0,1,0
1,0,0,0,0,216500,NA,NA,360,0,0,0,NA,0,1,1,5100,500,1,1,NA,1,1,39,1,0,0,1,0,0,1,0,0,0,1,0,0,1,0,0,0,0,1,0,0,0,0,0,0,0,1,0
1,0,0,0,0,136500,NA,NA,240,0,0,1,NA,0,1,1,6300,667,1,1,NA,1,1,39,1,0,0,1,0,0,0,0,0,1,1,0,0,1,0,0,0,0,0,0,0,1,0,0,0,1,0,0
1,1,0,0,0,176500,NA,NA,360,0,0,0,NA,0,1,1,2520,565,1,1,NA,1,1,43,1,0,0,1,0,0,0,0,0,0,1,0,0,1,0,0,0,0,0,0,0,0,1,0,1,0,0,0
1,0,0,0,1,176500,NA,NA,360,1,0,0,NA,0,1,1,2940,817,1,1,NA,1,1,52,1,0,0,0,1,0,1,0,0,0,1,0,0,1,0,0,0,0,0,0,0,1,0,0,0,1,0,0
1,0,0,0,0,316500,NA,NA,180,0,0,0,NA,0,1,1,5520,630,1,1,NA,1,1,41,1,0,0,1,0,0,0,0,0,1,1,0,0,1,0,0,0,0,0,0,0,1,0,0,0,1,0,0
1,0,0,0,0,466500,NA,NA,360,0,0,0,NA,0,1,1,6120,647,1,1,NA,1,1,27,1,0,0,0,0,1,0,0,1,0,1,0,0,1,0,0,0,0,0,0,1,0,0,0,0,0,1,0
1,0,0,0,1,556500,NA,NA,360,0,0,0,NA,0,1,1,8460,827,1,1,NA,1,1,45,1,0,0,0,1,0,1,0,0,0,1,0,0,1,0,0,0,0,0,1,0,0,0,0,1,0,0,0
1,0,0,0,0,336500,NA,NA,300,1,0,0,NA,0,1,1,7860,859,1,0,NA,1,1,47,1,0,0,1,0,0,0,0,0,1,1,0,0,1,0,0,0,0,1,0,0,0,0,0,0,0,1,0
1,0,1,0,0,106500,NA,NA,180,0,0,0,NA,0,1,1,2700,536,1,1,NA,1,1,47,1,0,0,1,0,0,0,0,1,0,1,0,0,1,0,0,0,0,0,0,0,0,0,1,1,0,0,0
0,0,0,0,0,256500,NA,NA,360,1,0,0,NA,0,1,1,3600,887,1,0,NA,1,1,43,1,0,0,1,0,0,1,0,0,0,1,0,0,1,0,0,0,0,1,0,0,0,0,0,1,0,0,0
1,0,0,0,1,416500,NA,NA,360,0,0,0,NA,0,1,1,6120,776,1,1,NA,1,1,49,1,0,0,0,1,0,1,0,0,0,1,0,0,1,0,0,0,0,0,1,0,0,0,0,1,0,0,0
0,0,0,0,0,216500,NA,NA,360,1,0,0,NA,0,1,1,4620,597,1,1,NA,1,1,13,1,0,0,0,0,1,0,0,1,0,1,0,0,1,0,0,0,0,0,0,0,1,0,0,1,0,0,0
1,0,0,0,0,456500,NA,NA,360,0,0,0,NA,0,1,1,5760,745,1,0,NA,1,1,38,1,0,0,1,0,0,0,0,1,0,1,0,0,1,0,0,0,0,0,0,0,1,0,0,0,0,1,0
1,0,0,0,0,566500,NA,NA,360,0,0,0,NA,0,1,1,8040,528,1,0,NA,1,1,5,1,0,0,1,0,0,0,0,0,1,1,0,0,1,0,0,0,0,1,0,0,0,0,0,0,0,1,0
1,0,0,0,0,396500,NA,NA,300,0,0,0,NA,0,1,1,5940,548,1,1,NA,1,1,30,1,0,0,1,0,0,0,0,0,1,1,0,0,1,0,0,0,0,0,0,0,0,1,0,0,1,0,0
1,0,0,0,0,346500,NA,NA,360,0,0,1,NA,0,1,1,9720,724,1,1,NA,1,1,45,1,0,0,1,0,0,1,0,0,0,1,0,0,1,0,0,0,0,1,0,0,0,0,0,1,0,0,0
1,0,0,0,0,546500,NA,NA,360,1,0,0,NA,0,1,1,11400,841,1,0,NA,1,1,30,1,0,0,1,0,0,0,0,0,1,1,0,0,1,0,0,0,0,1,0,0,0,0,0,1,0,0,0
1,0,0,0,0,246500,NA,NA,180,0,0,0,NA,0,1,1,4500,853,1,0,NA,1,1,55,1,0,0,1,0,0,0,0,0,1,1,0,0,1,0,0,0,0,0,0,1,0,0,0,0,0,1,0
1,1,0,0,0,166500,NA,NA,360,0,0,0,NA,0,1,1,3060,864,1,1,NA,1,1,45,1,0,0,0,0,1,1,0,0,0,1,0,0,1,0,0,0,0,0,0,1,0,0,0,1,0,0,0
0,0,0,0,0,606500,NA,NA,360,0,0,0,NA,0,1,1,6240,700,1,1,NA,1,1,36,1,0,0,0,0,1,0,0,0,1,1,0,0,1,0,0,0,0,0,0,0,0,0,1,0,0,1,0
0,1,0,0,0,206500,NA,NA,240,0,0,0,NA,0,1,1,4980,705,1,0,NA,1,1,24,1,0,0,1,0,0,1,0,0,0,1,0,0,1,0,0,0,0,0,1,0,0,0,0,0,0,1,0
1,0,0,0,0,476500,NA,NA,360,0,0,1,NA,0,1,1,5820,592,1,1,NA,1,1,46,1,0,0,0,0,1,0,0,1,0,1,0,0,1,0,0,0,0,0,0,1,0,0,0,0,1,0,0
0,1,0,0,0,296500,NA,NA,360,0,0,0,NA,0,1,1,2880,654,1,1,NA,1,1,20,1,0,0,1,0,0,1,0,0,0,1,0,0,1,0,0,0,0,0,0,0,1,0,0,1,0,0,0
1,0,0,0,1,246500,NA,NA,300,0,0,1,NA,0,1,1,9060,896,1,1,NA,1,1,60,1,0,0,0,1,0,0,0,0,1,1,0,0,1,0,0,0,0,0,0,0,1,0,0,1,0,0,0
1,0,0,0,1,326500,NA,NA,360,0,0,0,NA,0,1,1,4980,863,1,0,NA,1,1,49,1,0,0,0,1,0,1,0,0,0,1,0,0,1,0,0,0,0,1,0,0,0,0,0,1,0,0,0
1,0,0,0,0,96500,NA,NA,180,0,0,1,NA,0,1,1,4920,822,1,1,NA,1,1,48,1,0,0,1,0,0,0,0,1,0,1,0,0,1,0,0,0,0,0,0,0,0,0,1,1,0,0,0
1,0,0,0,0,586500,NA,NA,360,0,1,0,NA,0,1,1,8400,626,1,0,NA,1,1,31,1,0,0,1,0,0,1,0,0,0,1,0,0,1,0,0,0,0,0,0,0,1,0,0,1,0,0,0
1,1,0,0,0,136500,NA,NA,240,0,0,0,NA,0,1,1,2280,722,1,1,NA,1,1,22,1,0,0,1,0,0,0,0,1,0,1,0,0,1,0,0,0,0,0,0,0,0,1,0,1,0,0,0
1,0,0,0,1,316500,NA,NA,360,1,0,0,NA,0,1,1,10680,588,1,1,NA,1,1,44,1,0,0,0,1,0,1,0,0,0,1,0,0,1,0,0,0,0,0,1,0,0,0,0,0,0,0,1
1,0,0,0,1,576500,NA,NA,360,0,0,0,NA,0,1,1,0,629,1,0,NA,1,1,23,1,0,0,0,1,0,0,0,0,1,1,0,0,1,0,0,0,0,0,1,0,0,0,0,1,0,0,0
1,0,0,0,1,306500,NA,NA,360,0,0,0,NA,0,1,1,4860,604,1,1,NA,1,1,34,1,0,0,0,1,0,1,0,0,0,1,0,0,1,0,0,0,0,0,1,0,0,0,0,0,0,1,0
0,0,0,0,0,546500,NA,NA,360,0,0,0,NA,0,1,1,10980,544,1,1,NA,1,1,43,1,0,0,1,0,0,0,0,0,1,1,0,0,1,0,0,0,0,1,0,0,0,0,0,1,0,0,0
1,0,0,0,0,186500,NA,NA,180,0,0,0,NA,0,1,1,3480,588,1,1,NA,1,1,33,1,0,0,1,0,0,0,0,1,0,1,0,0,1,0,0,0,0,0,0,0,1,0,0,1,0,0,0
1,0,0,0,0,306500,NA,NA,360,0,0,0,NA,0,1,1,6240,545,1,1,NA,1,1,24,1,0,0,0,0,1,0,0,1,0,1,0,0,1,0,0,0,0,0,0,1,0,0,0,0,0,1,0
1,0,0,0,0,226500,NA,NA,360,0,0,1,NA,0,1,1,3120,607,1,1,NA,1,1,48,1,0,0,1,0,0,0,0,1,0,1,0,0,1,0,0,0,0,0,0,0,0,1,0,0,0,1,0
1,0,0,0,0,106500,NA,NA,156,0,0,0,NA,0,1,1,3600,719,1,1,NA,1,1,42,1,0,0,1,0,0,0,0,0,1,1,0,0,1,0,0,0,0,0,0,0,1,0,0,1,0,0,0
1,0,0,0,0,426500,NA,NA,360,0,0,0,NA,0,1,1,4740,538,1,0,NA,1,1,33,1,0,0,1,0,0,1,0,0,0,1,0,0,1,0,0,0,0,0,0,0,1,0,0,1,0,0,0
1,0,0,0,0,296500,NA,NA,360,0,0,0,NA,0,1,1,0,729,1,0,NA,1,1,24,1,0,0,0,0,1,0,0,0,1,1,0,0,1,0,0,0,0,0,0,0,0,0,1,1,0,0,0
